<?xml version="1.0" encoding="UTF-8"?>
<COLLADA xmlns="http://www.collada.org/2008/03/COLLADASchema" version="1.5.0">
	<asset>
		<contributor>
			<author>DENSO WAVE</author>
			<comments/>
		</contributor>
		<unit/>
		<up_axis>Y_UP</up_axis>
	</asset>
	<library_materials>
		<material id="blinn20.material" name="blinn20">
			<instance_effect url="#blinn20.effect"/>
		</material>
		<material id="blinn21.material" name="blinn21">
			<instance_effect url="#blinn21.effect"/>
		</material>
	</library_materials>
	<library_effects>
		<effect id="blinn20.effect">
			<profile_COMMON>
				<technique sid="common">
					<phong>
						<emission>
							<color>0.04 0.04 0.04 1</color>
						</emission>
						<diffuse>
							<color>1 1 1 1</color>
						</diffuse>
						<specular>
							<color>0.2 0.2 0.2 1</color>
						</specular>
					</phong>
				</technique>
			</profile_COMMON>
		</effect>
		<effect id="blinn21.effect">
			<profile_COMMON>
				<technique sid="common">
					<phong>
						<emission>
							<color>0.04 0.04 0.04 1</color>
						</emission>
						<diffuse>
							<color>1 0.5 0 1</color>
						</diffuse>
						<specular>
							<color>0.2 0.2 0.2 1</color>
						</specular>
					</phong>
				</technique>
			</profile_COMMON>
		</effect>
	</library_effects>
	<library_geometries>
		<geometry id="base2_M1KShape0" name="base2_M1KShape0">
			<mesh>
				<source id="base2_M1KShape0.positions">
					<float_array id="base2_M1KShape0.positions-array" count="3420" digits="2490374">-0.0369351 0.095 0.015357 -0.0369351 0.0635 0.015357 -0.04 0.0635 0 -0.04 0.095 0 -0.0283461 0.095 0.028224 -0.0283461 0.0635 0.028224 -0.0152356 0.095 0.036986 -0.0152356 0.0635 0.036986 0 0.095 0.04 0 0.0635 0.04 0.0152356 0.095 0.036986 0.0152356 0.0635 0.036986 0.0283461 0.095 0.028224 0.0283461 0.0635 0.028224 0.0369351 0.095 0.015357 0.0369351 0.0635 0.015357 0.04 0.095 0 0.04 0.0635 0 -0.0273118 0.0981478 0.487933 -0.0220635 0.0999131 0.480871 -0.0247524 0.0998132 0.487062 -0.0217218 0.0961233 0.4997 -0.0235964 0.0983314 0.493315 -0.0189626 0.0978525 0.497214 -0.01933 0.101339 0.495057 -0.022552 0.10325 0.49192 -0.063087 0.0974056 0.425404 -0.0601447 0.0966427 0.457213 -0.0655679 0.095521 0.438446 -0.0658683 0.092573 0.447913 -0.0632263 0.0926188 0.461738 -0.0599721 0.0949743 0.467702 -0.0688307 0.0923388 0.425787 0.00829564 0.101601 0.498721 0.0209521 0.100374 0.49445 0.00892317 0.0981247 0.50028 0.016592 0.0964833 0.500004 0.00309649 0.0959792 0.504567 0.0207043 0.0970385 0.496968 0.0240688 0.101218 0.488681 0.0226775 0.1052 0.484537 0.0221337 0.0999488 0.481229 0.002916 0.100931 0.479567 0.00011047 0.101788 0.480666 -0.0162555 0.100991 0.478836 0.0173316 0.101821 0.479125 0.0166931 0.100659 0.478191 0.0252081 0.098643 0.490272 0.0280151 0.0978481 0.4897 -0.0231776 0.0930303 0.505962 -0.0302162 0.095128 0.499974 -0.0118028 0.0948287 0.506767 -0.000913499 0.0947432 0.506912 0.037104 0.0989196 0.4741 0.0370709 0.0988657 0.474422 0.0282509 0.0976818 0.489884 0.0411943 0.0991957 0.456995 0.0394815 0.0991738 0.465834 0.0391805 0.0990858 0.46774 0.0309185 0.0980096 0.486432 0.0414233 0.0989327 0.439209 0.0417854 0.0990782 0.447848 0.0343493 0.0986245 0.480071 0.0315497 0.0982922 0.484795 -0.0400579 0.0953617 0.493529 -0.0385587 0.0933458 0.497584 -0.0712333 0.0600007 0.438824 -0.0705482 0.0620053 0.433356 -0.0709256 0.0600008 0.454045 -0.0683599 0.0600005 0.424043 -0.0672448 0.0618963 0.420682 -0.0716625 0.0624894 0.447149 -0.0624554 0.0600004 0.410191 -0.0603856 0.0616766 0.406258 -0.0490676 0.0600002 0.392534 -0.0247137 0.0599999 0.377589 -0.0431625 0.0611653 0.387625 -0.0212074 0.0605598 0.376478 -2.6999e-05 0.06 0.3735 -0.0392792 0.0993754 0.468163 -0.0401562 0.0979003 0.47945 -0.0139711 0.101657 0.468667 0.00351448 0.102269 0.463046 0.0184015 0.101623 0.464959 0.0297851 0.100752 0.44979 0.0321607 0.100103 0.467859 0.0129058 0.102021 0.440659 -0.0169181 0.102327 0.444536 -0.0370575 0.10058 0.453964 -0.0533574 0.0960409 0.476551 -0.0596046 -0.0925708 0.472036 -0.0542436 -0.0925687 0.481643 -0.0562606 -0.0947517 0.476358 -0.0476941 -0.0936881 0.48938 -0.0632263 -0.0926188 0.461738 -0.0479254 -0.0957779 0.484668 -0.058015 -0.0964668 0.465488 -0.0301586 -0.0951276 0.500004 -0.0386642 -0.0932428 0.497514 -0.0623625 -0.0953291 0.458643 0 -0.0861544 0.512116 0.00453595 -0.0885748 0.510642 -0.0102238 -0.0868122 0.511467 0.0216383 0.0860518 0.508544 0.0180598 0.0879792 0.508529 0.0356318 0.0883291 0.500102 0.0415517 0.0857836 0.497764 0.0505076 0.0887512 0.485871 0.0520859 0.0862803 0.487112 0.0620844 0.0864978 0.47012 0.0605738 0.0889572 0.468638 0.0668316 0.087124 0.448643 0.0651244 0.0891501 0.450025 0.0668054 0.0871561 0.433346 0.0652536 0.0895576 0.440004 0.0635484 0.0901653 0.417889 0.0655211 0.0878146 0.415952 0.0568597 0.0857986 0.480616 0.065304 0.0861078 0.460363 0.0620317 0.0872185 0.392016 0.0594116 0.0907164 0.392581 0.0609293 0.0896379 0.46447 0.0561274 0.088973 0.477274 0.0459375 0.0886298 0.491131 -0.000690637 0.0864336 0.512183 -0.0797791 0.0611482 0.301014 -0.0819265 0.0635768 0.31838 -0.0799419 0.0620746 0.317518 -0.0816187 0.0667142 0.337197 -0.0840431 0.0647308 0.297523 -0.0740966 0.0628393 0.395136 -0.0778508 0.0689562 0.383161 -0.0746491 0.0664493 0.421094 -0.0757212 0.0646385 0.397716 -0.0751861 0.0618876 0.34964 -0.0716625 0.0624894 0.447149 -0.0705482 0.0620053 0.433356 -0.0860411 0.0644087 0.257623 -0.084934 0.061387 0.264177 -0.0792005 0.0582589 0.266324 -0.0824146 0.0587692 0.263416 0.000201423 -0.101791 0.48067 -0.00521784 -0.100981 0.479354 -0.0163267 -0.102077 0.479193 -0.000128049 -0.102027 0.499419 -0.00898946 -0.101492 0.498435 0.00804638 -0.101403 0.498816 0.0237919 -0.101534 0.489704 0.0199326 -0.101552 0.494737 0.0262417 -0.0985309 0.488264 0.0298158 -0.0980887 0.487322 0.0216759 -0.0970546 0.496208 0.0167073 -0.100978 0.478815 -0.00521784 -0.100981 0.479354 0.000201423 -0.101791 0.48067 -0.0191479 0.0585917 0.318663 -0.0331834 0.0596528 0.31286 -0.028836 0.0605979 0.322417 -0.0521909 0.0605598 0.297785 -0.0661948 0.0597948 0.282511 -0.0611444 0.0585365 0.281515 -0.0811648 0.054337 0.253597 -0.0309899 0.0575955 0.309636 -0.0548033 0.0556001 0.28185 -0.0287277 0.0544777 0.306737 -0.017178 0.0522941 0.311371 -0.0833301 0.0486215 0.243838 -0.0484217 0.0530528 0.285458 -0.0269549 0.0489044 0.304019 -0.0453903 0.0497636 0.285875 -0.066427 0.047614 0.262051 -0.0855845 0.0421682 0.236942 -0.0153449 0.0449302 0.308736 -0.0059184 0.0455919 0.310775 -0.0060725 0.0515354 0.313629 -0.0061538 0.0562108 0.318242 -0.0060117 0.0591354 0.324132 -0.0053228 0.0600001 0.329897 -0.0865442 0.058374 0.248638 -0.0864984 0.051626 0.241303 -0.0878819 0.0541634 0.236541 -0.0884369 0.0434046 0.231847 -0.0896534 0.0378204 0.226325 -0.0715216 -0.0623919 0.448812 -0.0722437 -0.0619563 0.393073 -0.0705632 -0.0620228 0.433464 -0.0778725 -0.0688821 0.383117 -0.0757374 -0.0652408 0.403024 -0.0746904 -0.0662164 0.421201 -0.0745149 -0.0631189 0.395866 -0.0815623 -0.067148 0.337209 -0.0814515 -0.0622311 0.307719 -0.0834562 -0.0649934 0.307614 -0.0757914 -0.0618807 0.34518 -0.0793278 -0.0611419 0.301126 -0.0788881 -0.0582327 0.266141 -0.0822706 -0.0587621 0.264139 -0.0849998 -0.0617853 0.265668 -0.0856597 -0.066394 0.260038 0.0323288 0.0610434 0.310944 0.0228105 0.0603145 0.313976 0.0093515 0.0603151 0.323677 0.0363884 0.0600232 0.282984 0.0440202 0.0610469 0.267505 0.0434369 0.0593135 0.247948 0.0359826 0.0612189 0.299776 0.0301672 0.0596621 0.30011 0.0436624 0.05643 0.227651 0.0191332 0.0577388 0.310063 0.00690226 0.0572679 0.3169 0.0340049 0.057534 0.279036 0.0264003 0.0565521 0.298092 0.0166949 0.0535662 0.306782 0.0058441 0.0526862 0.312317 0.0346788 0.053569 0.265088 0.0292221 0.0525965 0.283585 0.0237495 0.0518022 0.296404 0.0390575 0.0535019 0.244082 0.0141068 0.0478735 0.305827 0.00449214 0.0467917 0.309992 0.016339 0.0444678 0.30301 0.0239318 0.0486058 0.294266 0.0448586 0.0536396 0.21043 0.0450502 0.0592696 0.224337 0.0457119 0.0616605 0.245762 0.0475495 0.0649573 0.268986 0.0470975 0.062446 0.273215 -0.0420189 0.0443709 0.286966 -0.0652937 0.0417082 0.261362 0.0416923 -0.0260423 0.202968 0.0458795 -0.0345202 0.180723 0.0450418 -0.0401396 0.190092 -0.042019 -0.0443714 0.286966 -0.0652937 -0.0417086 0.261362 -0.0401736 -0.0297178 0.285308 -0.0639174 -0.0278642 0.260033 -0.0153348 -0.0449291 0.308738 -0.0143066 -0.0300973 0.305856 0.0163292 -0.0444612 0.30301 0.0146618 -0.0297051 0.300847 0.0309663 -0.0442666 0.272366 0.0297924 -0.0295465 0.272039 0.0381904 -0.0424998 0.238311 0.0367342 -0.0283752 0.238395 -0.0392615 -0.0148815 0.284527 -0.0632746 -0.0139432 0.259345 -0.0138879 -0.0150796 0.304269 0.0135386 -0.0148792 0.299553 0.0292946 -0.0147767 0.271912 0.0359622 -0.0141972 0.238427 0.0410624 -0.0130284 0.202894 -0.0389575 0 0.284267 -0.0630579 0 0.259115 -0.013748 0 0.30374 0.0131643 0 0.299121 0.0291302 0 0.27187 0.0357205 0 0.238437 0.0406803 0.00611234 0.204058 -0.0392615 0.0148813 0.284527 -0.0632746 0.013943 0.259345 -0.0138879 0.0150794 0.304269 0.0135386 0.014879 0.299553 0.0292946 0.0147764 0.271912 0.0359622 0.014197 0.238427 -0.0401736 0.0297176 0.285308 -0.0639173 0.0278639 0.260032 -0.0143066 0.0300971 0.305856 0.0146618 0.0297048 0.300847 0.0297924 0.0295462 0.272039 0.0367342 0.0283749 0.238395 0.0416922 0.0260421 0.202968 0.0309662 0.0442662 0.272366 0.0381903 0.0424994 0.238311 0.0429103 0.0390126 0.203106 0.0466781 -0.0181015 0.171116 0.047068 3.9e-08 0.167298 0.0467896 0.0160682 0.17013 0.0459086 0.0343138 0.180529 0.0451754 0.0462585 0.195133 -0.0869586 0.0254681 0.232802 -0.0864855 0.00254992 0.232117 -0.0861066 -0.023782 0.233675 -0.0863236 -0.0402136 0.235583 -0.0694745 -0.0467475 0.258197 -0.0522974 -0.0503291 0.278886 -0.0266538 -0.0487879 0.30431 0.0030764 -0.0465222 0.310251 -0.0059184 -0.0455919 0.310775 0.0142974 -0.0480301 0.305662 0.0235568 -0.0489869 0.295302 0.0293849 -0.0527013 0.283191 0.0346061 -0.0536869 0.265444 0.0448349 -0.053846 0.21087 0.039248 -0.0540936 0.243758 -0.0882863 -0.0420762 0.232164 -0.0899188 -0.00323992 0.225136 -0.0908012 0.0179513 0.221909 -0.0907018 -0.0222065 0.222463 -0.0912154 0.00144901 0.217812 -0.0893228 -0.0416059 0.22672 0.0482086 0.0615468 0.295651 0.0195769 0.0605015 0.376029 0.0561761 0.0615482 0.346424 -2.6999e-05 0.06 0.3735 0.0427011 0.0610676 0.38716 0.0675343 0.0616846 0.400121 0.055682 0.0613641 0.400147 0.0632005 0.0615234 0.411566 0.0683998 0.0616188 0.424176 0.0696686 0.0616983 0.415224 0.071119 0.061647 0.437631 0.0384042 -0.0990652 0.470089 0.0384925 -0.0990303 0.470115 0.041482 -0.099174 0.45437 0.0319792 -0.098216 0.484669 0.0318711 -0.0982827 0.484588 0.00234408 -0.095043 0.506184 0.00862138 -0.0962563 0.503244 -0.00529317 -0.0955295 0.505741 -0.00757233 -0.0943129 0.507456 -0.0235402 -0.0949575 0.50341 -0.0243329 -0.0936758 0.504854 -0.000694575 -0.0957848 0.505275 0.0417901 -0.0990624 0.446974 0.0413307 -0.0989394 0.438339 0.0406565 -0.099182 0.46095 0.034585 -0.0984909 0.480337 -0.0193196 -0.0933023 0.506447 0.0396282 -0.0991819 0.46523 -0.0363939 -0.0986964 0.477802 -0.0155565 -0.101708 0.466228 -0.0419823 -0.0997611 0.458921 0.00760161 -0.102328 0.443351 0.00392689 -0.10198 0.467875 0.019078 -0.101607 0.464354 0.0291972 -0.100816 0.449095 0.0322881 -0.100099 0.467715 0.021922 -0.10001 0.481072 -0.0195349 -0.100285 0.479379 -0.0267264 -0.098765 0.485172 -0.0246977 -0.0963402 0.497324 -0.0237408 -0.101934 0.447502 -0.0663401 -0.0598143 0.282704 -0.0280124 -0.0605777 0.322697 -0.0487512 -0.06089 0.304211 -0.0605495 -0.06166 0.406463 -0.0451661 -0.0612245 0.389059 -0.0673017 -0.0618983 0.42086 -0.021315 -0.0605628 0.376509 -2.6999e-05 -0.06 0.3735 -0.00532415 -0.0600001 0.329898 -0.086726 -0.0607458 0.250133 -0.0850537 -0.0579795 0.254285 -0.0812121 -0.0549479 0.255135 -0.0854207 -0.0519206 0.244414 -0.0879886 -0.0524702 0.236936 -0.0856766 -0.0454652 0.238661 -0.0828644 -0.0505029 0.246259 -0.0575744 -0.0592322 0.286928 -0.0336381 -0.0596702 0.312547 -0.0196381 -0.0588078 0.318942 -0.0687376 -0.05604 0.268505 -0.0304608 -0.0566525 0.308305 -0.0171538 -0.0524996 0.311516 -0.028167 -0.0519293 0.304812 -0.0060119 -0.0591343 0.324129 -0.0061539 -0.0562103 0.318241 -0.0060726 -0.0515351 0.31363 0.0337337 -0.0998722 0.399461 0.0469405 -0.0963311 0.395922 0.0486284 -0.0966663 0.441442 0.0048797 -0.0912177 0.508576 -0.0181282 -0.0887328 0.508801 0.0265101 -0.0921175 0.500184 0.0431857 -0.0930934 0.483977 0.0523659 -0.0938512 0.463307 0.0530474 -0.0948597 0.416683 0.0629545 -0.0906356 0.441172 0.0295659 -0.0887083 0.503086 0.048218 -0.0893152 0.487408 0.0613598 -0.0895748 0.463867 0.0643998 -0.0898484 0.422379 0.0594013 -0.0907182 0.392538 -0.0234782 -0.0869549 0.507996 -0.0397796 -0.0873128 0.498778 0.0549761 -0.0884724 0.480772 0.0215516 -0.0872629 0.507999 0.0405725 -0.0876689 0.497251 0.0375508 -0.0860178 0.500621 0.0561111 -0.0864806 0.48138 0.064859 -0.0871955 0.460646 0.0668275 -0.0878751 0.440481 0.0660216 -0.0872449 0.420159 0.0641924 -0.0890328 0.410657 0.0620315 -0.0872152 0.392013 0.0665935 -0.0862439 0.453206 0.0615312 -0.0859186 0.471726 0.0512528 -0.0857221 0.488316 0.0191119 -0.0857963 0.509373 0.0552126 -0.0615273 0.343745 0.0497197 -0.0612297 0.393617 0.0252238 -0.0606432 0.377686 0.0689375 -0.0616664 0.40846 0.0623753 -0.0615101 0.409551 0.0322707 -0.0610413 0.310988 0.0441588 -0.0611618 0.268699 0.0473419 -0.0614988 0.295162 0.00937765 -0.0603595 0.324966 0.0707439 -0.0616896 0.432884 0.0389311 -0.0609763 0.385028 0.0475554 -0.0649806 0.269078 0.0502041 -0.062299 0.303874 0.0461684 -0.062294 0.261651 0.0593658 -0.0622424 0.359029 0.0544841 -0.0635481 0.32879 0.0509468 -0.0646914 0.302336 -0.034501 0.056127 0.074237 -0.0174839 0.0562708 0.0799786 -0.0325261 0.0548478 0.076472 -0.0155457 0.0548713 0.0815974 -0.0492813 0.0561713 0.0653624 -0.0478874 0.0549394 0.068345 -0.0622772 0.0564249 0.0530939 -0.0779717 0.0579279 0.0242228 -0.0712342 0.0568872 0.0402415 -0.0783466 0.0572808 0.0256348 -0.0815739 0.0578578 0.00865316 -0.0616928 0.0554499 0.0557587 -0.0716408 0.0563277 0.041566 -0.0811789 0.0580103 -0.00852159 -0.0818959 0.0579718 0.00218797 -0.0802225 0.0575927 0.018819 -0.0752238 0.0567752 0.034719 -3.37344e-05 0.0556371 0.0820378 -4.73987e-05 0.0547875 0.084038 -0.0670931 0.0558422 0.049254 -0.0561818 0.0551701 0.06181 0.0461357 -0.0302987 0.177133 0.0451598 -0.0464285 0.19541 0.0461366 0.0302814 0.177124 0.0468354 -0.0150319 0.169347 -0.0706776 -0.0963358 0.37344 -0.0681495 -0.0980289 0.371244 -0.0713411 -0.0978657 0.317969 -0.074986 -0.0947708 0.317487 -0.073035 -0.0929331 0.373687 -0.0766051 -0.0917398 0.317229 -0.0744761 -0.091451 0.258803 -0.0767083 -0.0901867 0.259438 -0.0794772 -0.0875987 0.260695 -0.0811731 -0.0842299 0.261787 -0.0807071 -0.0700825 0.209805 -0.0853327 -0.0658536 0.210084 -0.0878951 -0.0590924 0.203696 -0.0803382 -0.0589609 0.161753 -0.0839213 -0.0572225 0.162043 -0.0875051 -0.053374 0.162517 -0.0891845 -0.0487871 0.161142 -0.0834614 -0.05686 0.110234 -0.0802444 -0.0576314 0.0876289 -0.0858571 -0.0546472 0.0586535 -0.0880621 -0.0506603 0.103354 -0.083643 -0.0571932 0.0432756 -0.0771904 -0.0915067 0.305078 -0.0859822 -0.0686973 0.229462 -0.0824368 -0.057486 0.00453797 -0.0818647 -0.0579466 0.004583 -0.0781349 -0.0582479 0.129556 -0.0778249 -0.0610651 0.172816 -0.0771657 -0.0751518 0.218025 -0.0685989 -0.098865 0.29913 -0.0734499 -0.0885067 0.246941 -0.0673548 -0.0989175 0.346061 -0.062971 -0.097311 0.429667 -0.0666728 -0.095684 0.425628 -0.0688307 -0.0923387 0.425787 0.0702112 0.048593 0.044303 0.0575743 0.0501132 0.059695 0.0666193 0.0498005 0.048687 0.0438311 0.0522735 0.0697513 0.0556444 0.0513716 0.060711 0.075021 0.0486518 0.034668 0.0170167 0.0546419 0.0806095 0.0108458 0.0544214 0.083364 0.0293512 0.0532536 0.0791381 0.0300385 0.0538267 0.0765866 0.0465658 0.0513171 0.0702814 0.0605952 0.0494839 0.058028 0.0805068 0.04755 0.0196285 0.075495 0.0463315 0.0372612 0.0640621 0.0480034 0.0583952 0.065304 0.0448737 0.0595076 0.0570253 -0.0635 0.057273 0.074729 -0.0635 0.030783 0.031028 -0.0635 0.074627 -0.031028 -0.0635 -0.074627 0 -0.0635 0.08082 0 -0.0635 -0.080819 -0.031028 -0.0635 0.074627 -0.0570253 -0.0635 0.057273 -0.0747289 -0.0635 0.030783 -0.0808195 -0.0635 0 -0.0747289 -0.0635 -0.030783 -0.0570253 -0.0635 -0.057273 0.031028 -0.0635 -0.074627 0.0570253 -0.0635 -0.057273 0.074729 -0.0635 -0.030783 0.08082 -0.0635 0 0.0760376 -0.0487352 0.0323211 0.0701771 -0.0486032 0.0443446 0.0769848 -0.0466711 0.0327426 0.0630374 -0.0481454 0.060613 0.0677705 -0.0465075 0.052698 0.0596085 -0.0496096 0.05906 0.0645727 -0.0445426 0.061603 0.0473609 -0.0511889 0.0685943 0.0585064 -0.0500107 0.0585636 0.0469808 -0.0526572 0.067475 0.032246 -0.0536276 0.075661 0.00396416 -0.0546871 0.0844311 0.0162022 -0.0548557 0.0805478 8.89264e-05 -0.0556237 0.0820304 0.0295454 -0.0532539 0.0791672 0.0257937 0.0731111 0.157811 0.0321679 0.0582526 0.110043 0.0355247 0.0698287 0.147125 -0.0673251 0.0989107 0.346907 -0.0579016 0.100541 0.3572 -0.0703737 0.0598193 0.156182 -0.0673624 0.0565781 0.075892 -0.0527685 0.0606973 0.148448 -0.0687661 0.0755034 0.212568 -0.0528397 0.0763413 0.203393 -0.0651818 0.0910697 0.247878 -0.0509817 0.09218 0.240675 -0.0628878 0.0979113 0.274685 -0.0493848 0.0994483 0.270399 -0.0610443 0.100297 0.305415 -0.0475125 0.101762 0.303837 -0.0436873 0.10227 0.355715 -0.035262 0.0611023 0.140689 -0.0369448 0.076688 0.194226 -0.0365683 0.0927351 0.233389 -0.0355423 0.100193 0.266135 -0.0336093 0.102387 0.302273 -0.0291819 0.103124 0.354095 -0.0211232 0.0765228 0.185077 -0.0180179 0.0610355 0.13297 -0.0218293 0.0927916 0.225991 -0.0211341 0.100322 0.261859 -0.0190239 0.102465 0.300695 -0.0140586 0.103411 0.352312 -0.0054017 0.07585 0.175954 -0.0011014 0.0605204 0.125317 -0.0066968 0.0923106 0.218469 -0.0059851 0.0997545 0.257553 -0.0034852 0.10188 0.29908 0.0019795 0.102999 0.350337 0.010232 0.0747064 0.166864 0.0155934 0.0595889 0.117688 0.0087087 0.0911409 0.210858 0.0096683 0.0980783 0.253257 0.0126744 0.0999809 0.29746 0.0185691 0.101181 0.348195 0.0242313 0.0892025 0.203193 0.0254768 0.0950532 0.249016 0.0289165 0.0963195 0.295884 0.0350601 0.0972439 0.345951 0.0502817 0.0528987 0.083292 -0.0349503 0.101475 0.417865 -0.00594705 0.102862 0.414422 0.0122924 0.102246 0.405206 0.0337337 0.0998722 0.399461 0.0469428 0.0963301 0.395922 0.0491326 0.0913876 0.336346 0.0436001 0.0915342 0.292603 0.0431362 0.0573309 0.105813 -0.0806358 0.0576606 0.090876 -0.0782695 0.058248 0.129804 -0.0778404 0.0609909 0.172396 -0.073291 0.0889435 0.248139 -0.077179 0.0750463 0.2178 -0.0685551 0.0988979 0.300316 0.0377912 0.0915465 0.236392 0.0346882 0.0841344 0.184684 0 0.0635 -0.08082 0 0.0314061 -0.084013 0.0316857 0.0470032 -0.076482 0.074729 -0.0635 0.030783 0.0808019 -0.0481591 0.017628 0.08082 -0.0635 0 0.083981 0.0370154 0.00163463 0.0828609 0.0479296 0.000867963 0.077621 0.0313636 -0.032149 0.076485 0.0470032 -0.031679 0.085147 0.0134594 0.00184062 0.078303 0.0156874 -0.032432 0.085317 -0.00370604 0.00190368 0.078531 0 -0.032526 0.0850037 -0.0177928 0.00180361 0.078291 -0.0160805 -0.032427 0.0842219 -0.0330731 0.0018073 0.077575 -0.0321433 -0.03213 0.0826918 -0.0480806 4.24981e-05 0.076386 -0.0481207 -0.031638 0.059411 0.0313636 -0.059405 0.0585415 0.0470032 -0.058535 0.0599331 0.0156874 -0.059927 0.0601072 0 -0.060101 0.0599243 -0.0160805 -0.059918 0.0593759 -0.0321433 -0.05937 0.0584659 -0.0481207 -0.05846 0.0321563 0.0313636 -0.077618 0.0324389 0.0156874 -0.0783 0.0325331 0 -0.078528 0.0324341 -0.0160805 -0.078289 0.0321372 -0.0321433 -0.077572 0.0316447 -0.0481207 -0.076383 0.0570253 0.0635 -0.057273 0.074729 -0.0635 -0.030783 0.0570253 -0.0635 -0.057273 0.031028 -0.0635 -0.074627 0 -0.0635 -0.080819 0 -0.0324415 -0.083946 0.0570253 -0.0635 0.057273 0.031028 -0.0635 0.074627 0 -0.0635 0.08082 0 0 -0.085 0.074729 0.0635 -0.030783 0.031028 0.0635 -0.074627 0.074729 0.0635 0.030783 0.08082 0.0635 0 0.0570253 0.0635 0.057273 0.082999 0.0441071 0.00293198 0.0843944 0.0237551 0.00302687 0.08287 -0.0455427 0.00292701 0 0.0635 0.080819 0.031028 0.0635 0.074627 0.0570253 0.0635 -0.057273 0.074729 0.0635 -0.030783 0.0283461 0.0635 -0.028224 0.08082 0.0635 0 0.0369351 0.0635 -0.015357 0.074729 0.0635 0.030783 0.0369351 0.0635 0.015357 0.04 0.0635 0 0.0570253 0.0635 0.057273 0.0283461 0.0635 0.028224 0.031028 0.0635 0.074627 0.0152356 0.0635 0.036986 0 0.0635 0.080819 0 0.0635 0.04 -0.031028 0.0635 0.074627 -0.0570253 0.0635 0.057273 -0.0152356 0.0635 0.036986 -0.0747289 0.0635 0.030783 -0.0283461 0.0635 0.028224 -0.0808195 0.0635 0 -0.0369351 0.0635 0.015357 -0.0747289 0.0635 -0.030783 -0.0369351 0.0635 -0.015357 -0.04 0.0635 0 -0.0570253 0.0635 -0.057273 -0.0283461 0.0635 -0.028224 -0.031028 0.0635 -0.074627 -0.0152356 0.0635 -0.036986 0 0.0635 -0.08082 0 0.0635 -0.04 0.031028 0.0635 -0.074627 0.0152356 0.0635 -0.036986 0.0573868 0.0872703 0.368045 0.0538248 0.0890219 0.350468 0.0518139 0.0870126 0.332375 0.0468228 0.0904719 0.308515 0.0482777 0.0883169 0.307159 0.0438837 0.0891614 0.266223 0.0459469 0.0865305 0.277637 0.0395317 0.0898016 0.222144 0.0373533 0.0907991 0.222232 0.0416439 0.0877626 0.222629 0.042946 0.0853716 0.227164 0.0386101 0.0813951 0.178869 0.035432 0.0822526 0.178658 0.0413913 0.0790443 0.180287 0.0424475 0.0774278 0.183996 0.0401234 0.0662071 0.138835 0.0378621 0.0666286 0.13842 0.0426918 0.0646303 0.139627 0.0445365 0.0618209 0.140439 0.0467544 0.0556421 0.098472 0.0502114 0.0537415 0.100005 0.0510684 0.0504229 0.10403 0.0443587 0.0620753 0.147032 -0.0417366 -0.0693569 0.501404 -0.0534133 -0.06 0.492362 -0.0424688 -0.06 0.502394 -0.0705945 0.0701083 0.448085 -0.0910624 -0.0227532 0.18668 -0.0895141 -0.0454633 0.186673 -0.0905342 -0.0225595 0.120693 -0.0890143 -0.0450782 0.120723 -0.0915857 -1.74e-07 0.18668 -0.0910507 -1.72e-07 0.120686 -0.0910478 0.0231838 0.186678 -0.0905221 0.0229866 0.120696 -0.0894356 0.0463171 0.186672 -0.0889373 0.0459238 0.120724 -0.088229 -0.0223288 0.054628 -0.08674 -0.0446178 0.0547 -0.0887324 -1.7e-07 0.054603 -0.0882151 0.0227513 0.054628 -0.0866645 0.0454549 0.054704 -0.0716625 0.0624894 0.447149 -0.0773602 0.0914087 0.301539 -0.0735034 0.0924852 0.368565 -0.0822949 0.0697011 0.318287 -0.0676991 0.06 0.467648 -0.0478078 0.0936069 0.489293 -0.0397841 0.0873695 0.498765 -0.0546809 0.0934107 0.480936 -0.0617196 0.06 0.480872 -0.0417366 0.0693569 0.501404 -0.0531901 0.06 0.492612 -0.0596046 0.0925708 0.472036 -0.0423529 0.0615066 0.502237 -0.0424626 0.06 0.502385 -0.085261 0.0693257 0.252624 -0.0705887 -0.0701511 0.448084 -0.0822883 -0.0697371 0.318287 -0.0845347 0 -0.00888199 -0.0837302 0.0284298 -0.008798 -0.0837256 -0.0285102 -0.00879702 -0.0811789 -0.058042 -0.00849539 -0.0866458 0.0655933 0.224372 -0.0885001 0.0546093 0.198469 -0.0892 0.0486473 0.157902 -0.0876488 0.0512303 0.0914475 -0.0822188 0.0577102 0.002161 -0.0814605 0.0835102 0.260263 -0.0715216 -0.0623919 0.448812 -0.0658815 -0.092572 0.447834 -0.0620534 -0.06 0.480291 -0.0680112 -0.06 0.466693 -0.0709259 -0.06 0.454044 -0.0783461 -0.0572824 0.0256358 -0.0815661 -0.057876 0.00869232 -0.0800749 -0.057556 0.019528 -0.0467001 -0.0562791 0.0672167 -0.0597347 -0.0555646 0.056268 -0.0471809 -0.0549092 0.0682279 -0.0325786 -0.0558098 0.0751719 -0.0165167 -0.0563269 0.0801743 -0.0136984 -0.0548267 0.0824268 -0.0772901 -0.0577455 0.0263878 -0.069807 -0.0568667 0.0426806 -0.0322218 -0.0548784 0.0769488 -0.0716407 -0.0563277 0.041566 -0.0685696 -0.0559878 0.047081 -0.075586 -0.056828 0.033866 -0.0422903 -0.102236 0.369323 -0.056674 -0.100451 0.371351 -0.035005 -0.101471 0.418278 -0.0687636 -0.0578359 0.107806 -0.0504302 -0.0574797 0.102954 -0.0660092 -0.0558698 0.05651 -0.0527035 -0.0610705 0.15109 -0.0702305 -0.0601453 0.158939 -0.0321483 -0.0569352 0.098112 -0.0352802 -0.061513 0.143218 -0.0181216 -0.0614728 0.135385 -0.001291 -0.0609737 0.127616 0.0153161 -0.0600503 0.11987 0.0317987 -0.0587154 0.112108 -0.0528054 -0.0749338 0.200242 -0.0688506 -0.0740847 0.209423 -0.0368098 -0.0752944 0.191071 -0.0209167 -0.0751451 0.181924 -0.0051569 -0.074493 0.172811 0.0104909 -0.0733805 0.163734 0.0260509 -0.0718289 0.154694 -0.0500597 -0.0964516 0.255711 -0.0638021 -0.0950912 0.261475 -0.0360324 -0.0971635 0.249912 -0.0215477 -0.0973422 0.244047 -0.0064857 -0.0969253 0.238098 0.0089726 -0.0956341 0.232105 0.0245758 -0.0933155 0.226109 -0.0465119 -0.102007 0.31805 -0.060206 -0.10048 0.319065 -0.032466 -0.102684 0.316968 -0.0177402 -0.102828 0.315792 -0.0020438 -0.102309 0.314496 0.0142659 -0.100419 0.313109 0.030598 -0.0966348 0.31168 -0.0276319 -0.103158 0.367172 -0.0123901 -0.103478 0.364871 0.0037081 -0.10307 0.362393 0.0203145 -0.101288 0.359765 0.0367936 -0.0973686 0.357057 0.0490172 -0.0529443 0.083154 0.0356451 -0.0694152 0.146039 0.0443672 -0.0563655 0.102037 0.0351007 -0.0836487 0.183034 0.0380148 -0.0914251 0.234536 0.0435781 -0.0915002 0.291238 0.0488023 -0.0913655 0.33389 0.0157545 -0.101936 0.415099 -0.0065938 -0.102899 0.410267 0.0487726 -0.0879008 0.309486 0.0540738 -0.0887456 0.351163 0.0460999 -0.0863576 0.279271 0.0434191 -0.0894447 0.261486 0.0419848 -0.0873667 0.222488 0.0428627 -0.0853965 0.225045 0.0402917 -0.0894444 0.222564 0.0384709 -0.0905089 0.222665 0.0405878 -0.0804186 0.180062 0.0424678 -0.076611 0.178776 0.0372423 -0.0823539 0.179714 0.0445503 -0.0615134 0.143977 0.0436611 -0.0637563 0.141784 0.0415546 -0.0658783 0.140765 0.0384246 -0.0670355 0.139789 0.0508839 -0.0518201 0.101415 0.0524355 -0.0481751 0.0991925 0.0488734 -0.0544471 0.100709 0.0521076 -0.0869755 0.334447 0.0576054 -0.0871642 0.369132 -0.031028 0.0635 0.074627 -0.0585003 -0.0481207 -0.058425 -0.0570253 -0.0635 -0.057273 -0.0317122 -0.0481207 -0.076355 -0.0322247 0.0313636 -0.07759 -0.0317532 0.0470032 -0.076454 -0.0594459 0.0313636 -0.05937 -0.0585759 0.0470032 -0.058501 -0.0325079 0.0156874 -0.078271 -0.0599683 0.0156874 -0.059892 -0.0326025 0 -0.078499 -0.0601426 0 -0.060066 -0.0325032 -0.0160805 -0.07826 -0.0599595 -0.0160805 -0.059883 -0.0322057 -0.0321433 -0.077544 -0.0594108 -0.0321433 -0.059335 -0.0776304 0.0313636 -0.032126 -0.0764944 0.0470032 -0.031656 -0.0783126 0.0156874 -0.032409 -0.0785402 0 -0.032503 -0.0783011 -0.0160805 -0.032404 -0.0775845 -0.0321433 -0.032107 -0.0763955 -0.0481207 -0.031615 -0.0747289 0.0635 -0.030783 -0.0747289 -0.0635 -0.030783 -0.031028 -0.0635 -0.074627 -0.0808195 -0.0635 0 -0.0747289 -0.0635 0.030783 -0.0570253 -0.0635 0.057273 -0.031028 -0.0635 0.074627 -0.0570253 0.0635 -0.057273 -0.031028 0.0635 -0.074627 -0.0808195 0.0635 0 -0.0747289 0.0635 0.030783 -0.0570253 0.0635 0.057273 0.0679228 -0.06 0.466713 0.070136 -0.0695614 0.445148 0.0571133 -0.06 0.487646 0.0588095 -0.0434003 0.077881 0.0459967 -0.0427946 0.151208 0.0601881 -0.0217824 0.078329 0.0472195 -0.0214759 0.15126 0.0606513 -0.000130372 0.07848 0.0476304 -0.000128531 0.151278 0.0601991 0.0215218 0.078333 0.0472292 0.0212188 0.151261 0.0588315 0.0431404 0.077889 0.0460162 0.0425382 0.151209 0.0313859 0.0705181 0.507433 0.070175 0.0692842 0.445148 0.0570848 0.06 0.487684 0.0615795 -0.0675008 0.373398 0.0448619 0.0638533 0.227176 0.0364316 0.06 0.506278 0.0677851 0.06 0.467135 0.070724 0.06 0.454408 0.071515 0.0599991 0.442389 0.071119 0.061647 0.437631 0.0616108 0.0672315 0.373391 0.0594053 0.06241 0.359103 0.0537148 0.0628539 0.324242 0.0509498 0.0646852 0.302439 -0.0174148 0.06 0.514211 0.0102765 0.06 0.515584 -0.00891927 0.0869316 0.511579 -0.0186867 0.0878272 0.509312 -0.0279305 0.0872778 0.505825 -0.0364967 0.0873068 0.501066 0.0450869 -0.0594506 0.225509 0.0448414 -0.06411 0.227177 0.0457614 -0.0619186 0.245868 0.0313673 -0.0708004 0.507396 0.0364531 -0.06 0.506265 0.0102947 -0.06 0.515581 -0.0174088 -0.06 0.514212 0.0707439 -0.0616896 0.432884 0.071508 -0.0599998 0.442398 0.070758 -0.06 0.454154 0.0433665 -0.0587106 0.242497 0.00525928 -0.0492265 0.310554 0.00739482 -0.0586699 0.319382 0.0223276 -0.0603067 0.314441 0.0322658 -0.0606439 0.301648 0.0362675 -0.0600839 0.283934 0.019089 -0.0577696 0.31016 0.0281063 -0.0583034 0.299177 0.00597846 -0.0549763 0.314374 0.0342237 -0.0576146 0.27861 0.0166874 -0.0536171 0.306834 0.0249672 -0.0544979 0.297239 -0.083654 0.0568391 0.108588 -0.0832615 0.0574275 0.0464301 -0.0851376 0.0558392 0.0480788 -0.0871726 0.0537076 0.160863 -0.0870333 0.0535063 0.102415 -0.0839547 0.0571124 0.160812 -0.0803494 0.0588355 0.160367 -0.0825713 0.0681068 0.207928 -0.080219 0.0694582 0.207252 -0.0853937 0.0656319 0.209891 -0.0778508 0.0891623 0.258768 -0.074595 0.0911572 0.257819 -0.0802437 0.0862099 0.260011 -0.0713197 0.0978909 0.317725 -0.0750068 0.094786 0.31626 -0.0766353 0.0917321 0.316599 -0.0717995 0.0952156 0.371876 -0.0687679 0.097748 0.371859 -0.0481292 -0.0994924 0.439603 -9.63304e-05 -0.102589 0.43157 -0.0481292 0.0994924 0.439603 0.0213421 0.101338 0.420699 -0.0369351 0.06 0.429643 -0.0283461 0.06 0.416776 -0.0624554 0.0600004 0.410191 -0.0712333 0.0600007 0.438824 -0.04 0.06 0.445 -0.0683599 0.0600005 0.424043 -0.0709256 0.0600008 0.454045 -0.0369351 0.06 0.460357 -0.0617196 0.06 0.480872 -0.0283461 0.06 0.473224 -0.0676991 0.06 0.467648 -0.0424626 0.06 0.502385 -0.0152356 0.06 0.481986 -0.0531901 0.06 0.492612 0.0102765 0.06 0.515584 0 0.06 0.485 -0.0174148 0.06 0.514211 0.0364316 0.06 0.506278 0.0152356 0.06 0.481986 0.0570848 0.06 0.487684 0.0283461 0.06 0.473224 0.0677851 0.06 0.467135 0.0369351 0.06 0.460357 0.071515 0.0599991 0.442389 0.04 0.06 0.445 0.070724 0.06 0.454408 0.0611553 0.0600011 0.407477 0.0369351 0.06 0.429643 0.0692872 0.06 0.427349 0.0444038 0.0600023 0.388666 0.0283461 0.06 0.416776 0.0221878 0.06 0.376774 0.0152356 0.06 0.408014 0 0.06 0.405 -0.0247137 0.0599999 0.377589 -0.0152356 0.06 0.408014 -0.0490676 0.0600002 0.392534 0.0683998 0.0616188 0.424176 0.0632005 0.0615234 0.411566 0.0692872 0.06 0.427349 0.055682 0.0613641 0.400147 0.0611553 0.0600011 0.407477 0.0427011 0.0610676 0.38716 0.0444038 0.0600023 0.388666 0.0195769 0.0605015 0.376029 0.0221878 0.06 0.376774 -0.0236297 -0.0982464 0.493473 -0.0240882 -0.100165 0.483808 -0.0240271 -0.100822 0.490224 -0.0163267 -0.102077 0.479193 -0.0200223 -0.101504 0.49476 -0.0176892 -0.0977926 0.497841 -0.0220584 -0.105333 0.483472 -0.0057469 0.0978048 0.50071 -0.0089047 0.101255 0.498585 0.0201325 0.104338 0.494041 3.95849e-05 0.102164 0.499376 0.00397097 0.0946641 0.506001 0.0048797 0.0912177 0.508576 -0.018602 0.0929462 0.506735 0.0052872 0.0886865 0.510442 0.0265101 0.0921175 0.500184 0.02275 0.0965439 0.496194 0.0286576 0.0891525 0.502899 0.0359611 0.0979569 0.479896 0.0405084 0.0949903 0.482354 0.0476585 0.0901382 0.485932 0.0425734 0.0983249 0.461535 0.0523659 0.0938512 0.463307 0.0551487 0.0941432 0.440402 0.0437175 0.0983365 0.442699 0.0519852 0.0952862 0.416494 0.0439934 0.0978025 0.4186 -0.0603856 0.0616766 0.406258 -0.0672448 0.0618963 0.420682 -0.0555852 0.0611498 0.311607 -0.0212074 0.0605598 0.376478 -0.0431625 0.0611653 0.387625 -0.0040805 -0.0978228 0.500888 0.00926619 -0.0980642 0.500231 -0.0715216 -0.0623919 0.448812 -0.0705632 -0.0620228 0.433464 -0.0673017 -0.0618983 0.42086 -0.0712334 -0.06 0.438823 -0.0605495 -0.06166 0.406463 -0.0683597 -0.06 0.424042 -0.0483334 -0.0600155 0.391924 -0.0624549 -0.06 0.41019 -0.0451661 -0.0612245 0.389059 -0.021315 -0.0605628 0.376509 -0.0247112 -0.0599999 0.377588 -2.6999e-05 -0.06 0.3735 0.0679228 -0.06 0.466713 0.0571133 -0.06 0.487646 0.070758 -0.06 0.454154 -0.0712334 -0.06 0.438823 0.071508 -0.0599998 0.442398 -0.0709259 -0.06 0.454044 0.0672505 -0.0600003 0.419943 0.0579563 -0.06 0.403127 0.0456036 -0.06 0.389059 0.0212112 -0.06 0.376502 -0.0247112 -0.0599999 0.377588 -0.0483334 -0.0600155 0.391924 -0.0624549 -0.06 0.41019 -0.0683597 -0.06 0.424042 -0.0680112 -0.06 0.466693 -0.0620534 -0.06 0.480291 -0.0534133 -0.06 0.492362 -0.0424688 -0.06 0.502394 -0.0174088 -0.06 0.514212 0.0102947 -0.06 0.515581 0.0364531 -0.06 0.506265 0.0252238 -0.0606432 0.377686 0.0212112 -0.06 0.376502 0.0389311 -0.0609763 0.385028 0.0456036 -0.06 0.389059 0.0623753 -0.0615101 0.409551 0.0579563 -0.06 0.403127 0.0497197 -0.0612297 0.393617 0.0672505 -0.0600003 0.419943 0.0238527 -0.101562 0.485274 -0.0369351 0.06 0.460357 -0.0369351 0.09 0.460357 -0.04 0.09 0.445 -0.04 0.06 0.445 -0.0283461 0.06 0.473224 -0.0283461 0.09 0.473224 -0.0152356 0.06 0.481986 -0.0152356 0.09 0.481986 0 0.06 0.485 0 0.09 0.485 0.0152356 0.06 0.481986 0.0152356 0.09 0.481986 0.0283461 0.06 0.473224 0.0283461 0.09 0.473224 0.0369351 0.06 0.460357 0.0369351 0.09 0.460357 0.04 0.06 0.445 0.04 0.09 0.445 0.0283461 0.09 0.416776 0.0152356 0.09 0.408014 0.0369351 0.09 0.429643 -0.0369351 0.09 0.460357 0.04 0.09 0.445 -0.04 0.09 0.445 0.0369351 0.09 0.460357 0.0283461 0.09 0.473224 0.0152356 0.09 0.481986 0 0.09 0.485 -0.0152356 0.09 0.481986 -0.0283461 0.09 0.473224 -0.0369351 0.09 0.429643 -0.0283461 0.09 0.416776 -0.0152356 0.09 0.408014 0 0.09 0.405 0.0369351 0.06 0.429643 0.0369351 0.09 0.429643 0.0283461 0.06 0.416776 0.0283461 0.09 0.416776 0.0152356 0.06 0.408014 0.0152356 0.09 0.408014 0 0.06 0.405 0 0.09 0.405 -0.0152356 0.06 0.408014 -0.0152356 0.09 0.408014 -0.0283461 0.06 0.416776 -0.0283461 0.09 0.416776 -0.0369351 0.06 0.429643 -0.0369351 0.09 0.429643 0.0369351 0.095 -0.015357 0.0369351 0.0635 -0.015357 0.0283461 0.095 -0.028224 0.0283461 0.0635 -0.028224 0.0152356 0.095 -0.036986 0.0152356 0.0635 -0.036986 0 0.095 -0.04 0 0.0635 -0.04 -0.0152356 0.095 -0.036986 -0.0152356 0.0635 -0.036986 -0.0283461 0.095 -0.028224 -0.0283461 0.0635 -0.028224 -0.0369351 0.095 -0.015357 -0.0369351 0.0635 -0.015357 -0.0283461 0.095 -0.028224 -0.0152356 0.095 -0.036986 -0.0369351 0.095 -0.015357 0.0369351 0.095 0.015357 -0.04 0.095 0 0.04 0.095 0 -0.0369351 0.095 0.015357 -0.0283461 0.095 0.028224 -0.0152356 0.095 0.036986 0 0.095 0.04 0.0152356 0.095 0.036986 0.0283461 0.095 0.028224 0.0369351 0.095 -0.015357 0.0283461 0.095 -0.028224 0.0152356 0.095 -0.036986 0 0.095 -0.04</float_array>
					<technique_common>
						<accessor count="1140" source="#base2_M1KShape0.positions-array" stride="3">
							<param name="X" type="float"/>
							<param name="Y" type="float"/>
							<param name="Z" type="float"/>
						</accessor>
					</technique_common>
				</source>
				<source id="base2_M1KShape0.normals">
					<float_array id="base2_M1KShape0.normals-array" count="3420" digits="2490374">-0.923324 0 0.384023 -0.923324 0 0.384023 -1 0 -0 -1 0 -0 -0.708678 -0 0.705532 -0.708678 -0 0.705532 -0.38101 -0 0.924571 -0.38101 -0 0.924571 0 -0 1 0 -0 1 0.38101 -0 0.924571 0.38101 -0 0.924571 0.708678 -0 0.705532 0.708678 -0 0.705532 0.923324 0 0.384023 0.923324 0 0.384023 1 -0 0 1 -0 0 -0.129628 0.974455 0.183394 -0.191652 0.981224 0.021669 -0.903421 0.427942 -0.026384 -0.096315 0.964236 0.246927 -0.57471 0.646968 0.501141 -0.274919 0.683431 0.67627 -0.427953 0.073492 0.900808 -0.841016 0.113896 0.528885 -0.168705 0.984723 0.043115 -0.2242 0.972184 0.067776 -0.658356 0.748797 0.076621 -0.944055 0.292971 0.15142 -0.926711 0.287691 0.241743 -0.648901 0.720573 0.244341 -0.950792 0.294821 0.09526 0.178318 0.090153 0.979834 0.51798 0.140676 0.843746 0.142377 0.673891 0.724982 0.27223 0.785979 0.555092 -0.010677 0.975177 0.221169 0.289102 0.807288 0.514497 0.98659 0.118466 0.112272 0.624166 0.729846 -0.278824 0.164701 0.986044 0.024317 0.004097 0.992686 0.120652 -0.00482 0.395037 -0.918652 -0.074994 0.941629 -0.328194 0.002821 0.065808 -0.997828 0.074439 0.997216 0.004304 0.615271 0.743169 0.262949 0.142775 0.953515 0.265378 -0.285646 0.337563 0.896916 -0.11342 0.973555 0.198307 -0.064939 0.861938 0.502837 0.095747 0.558457 0.823989 0.165361 0.980828 0.103115 0.371123 0.911396 0.177836 0.390196 0.823534 0.411752 0.220001 0.975303 0.019583 0.149361 0.987457 0.051181 0.407291 0.904239 0.128322 0.403127 0.84151 0.359653 0.175672 0.984024 -0.028923 0.145103 0.989288 -0.015972 0.139555 0.981102 0.134026 0.130477 0.977849 0.16367 -0.151517 0.964145 0.217868 -0.542764 0.389972 0.743861 -0.996262 0 -0.086389 -0.986641 0 -0.162912 -0.991965 0 0.126509 -0.956082 0 -0.293101 -0.940403 0 -0.340063 -0.972967 -0.226278 0.046187 -0.873506 0 -0.486814 -0.841655 0 -0.540015 -0.683062 0 -0.73036 -0.344232 0 -0.938885 -0.60118 0 -0.799114 -0.295692 0 -0.955283 -0.000377 0 -1 -0.12762 0.987867 0.088504 -0.145934 0.979128 0.14146 -0.052531 0.996806 0.06015 0.010049 0.999589 0.026854 0.063286 0.997175 0.040454 0.105953 0.994298 -0.012084 0.119582 0.991057 0.059211 0.059275 0.998216 -0.007172 -0.03904 0.999136 0.014236 -0.106021 0.993454 0.042525 -0.192481 0.971642 0.137344 -0.87399 -0.283751 0.394496 -0.79432 -0.285607 0.536176 -0.61169 -0.710576 0.347731 -0.648847 -0.452623 0.611662 -0.926704 -0.287777 0.24167 -0.173454 -0.969577 0.172725 -0.210655 -0.972506 0.099276 -0.095524 -0.968068 0.231773 -0.54982 -0.357829 0.754756 -0.660079 -0.738324 0.138465 0.00253 -0.235378 0.971901 0.07376 -0.618944 0.781964 -0.143098 -0.276108 0.950414 0.314459 0.246059 0.916826 0.20752 0.673885 0.709094 0.353994 0.756208 0.550306 0.601189 0.241271 0.761814 0.428626 0.832901 0.35008 0.730992 0.341889 0.590561 0.868276 0.343517 0.357899 0.518203 0.828484 0.21232 0.955844 0.288311 0.05691 0.601478 0.796368 0.063423 0.962924 0.26776 -0.032883 0.493371 0.869741 0.011701 0.482363 0.87548 -0.029349 0.961967 0.255088 -0.097718 0.823141 0.234624 0.517098 0.94475 0.23609 0.227394 0.95633 0.224593 -0.187058 0.463871 0.882197 -0.080948 0.435042 0.887287 0.153168 0.432168 0.863847 0.258843 0.400579 0.821256 0.406295 -0.006911 0.245049 0.969486 -0.0306 -0.998188 0.051809 -0.770313 -0.634304 0.065394 -0.35968 -0.932152 0.041516 -0.997367 0.012829 0.071378 -0.975889 -0.209678 0.060628 -0.535843 -0.843238 0.042687 -0.985744 0.14592 0.083765 -0.995877 0.004443 0.090607 -0.837994 -0.541699 0.065781 -0.041619 -0.999124 0.004293 -0.886579 -0.461196 0.03573 -0.055468 -0.99846 0.001165 -0.992437 0.11674 0.037955 -0.879723 -0.468397 0.081805 -0.027675 -0.988092 0.151359 -0.520455 -0.836189 0.172957 0.08701 -0.763934 -0.639402 0.268578 -0.743091 -0.612928 0.046986 -0.770804 -0.635337 -0.003047 -0.173272 0.984869 -0.194337 -0.124346 0.973022 0.170752 -0.149997 0.97383 0.963187 -0.07814 0.257224 0.476063 -0.036344 0.87866 0.412199 -0.895956 0.165394 -0.008424 -0.991484 0.129959 0.345479 -0.783045 0.517189 0.094139 -0.975165 -0.200477 -0.01806 -0.991849 0.126132 -0.010483 -0.386794 -0.922107 -0.17361 -0.899037 0.401985 -0.232182 -0.936922 0.261283 -0.036893 -0.999167 0.01745 -0.07113 -0.993025 0.094029 -0.038753 -0.993982 0.102461 -0.311888 -0.896349 0.315094 -0.380186 -0.819313 0.429167 -0.378894 -0.825419 0.418477 -0.504769 -0.716303 0.481786 -0.474618 -0.664626 0.57707 -0.298863 -0.577532 0.759696 -0.621137 -0.534634 0.573023 -0.601283 -0.56814 0.561851 -0.617042 -0.355526 0.702041 -0.67788 -0.35847 0.641855 -0.717294 -0.286793 0.635011 -0.777999 -0.15322 0.609295 -0.31162 -0.282345 0.90729 -0.048288 -0.279327 0.958981 -0.061699 -0.575663 0.815356 -0.05855 -0.808459 0.585633 -0.04253 -0.955272 0.292656 -0.026039 -0.999654 0.003758 -0.965506 -0.189193 0.178896 -0.88072 -0.306412 0.361169 -0.994482 0.09929 0.033871 -0.944904 -0.02995 0.325974 -0.996878 0.071779 0.032898 -0.609304 0.792935 0.001524 -0.073554 0.997268 0.006785 -0.028039 0.999602 0.003098 -0.985734 -0.145985 0.083766 -0.884851 0.460002 0.073741 -0.990439 -0.10053 0.094467 -0.60997 0.791075 0.046225 -0.993364 -0.092749 0.068014 -0.524053 0.849793 0.05675 -0.964618 0.25533 0.065712 -0.026531 0.999643 0.003213 -0.01719 0.998542 0.05117 -0.031048 0.98692 0.158193 -0.500254 0.853553 0.145577 -0.89882 0.431304 0.0781 -0.984887 -0.169744 0.03441 0.024993 -0.999675 -0.004997 0.189014 -0.964642 0.183682 0.054588 -0.996839 0.05773 0.444669 -0.889497 0.105188 0.068165 -0.996829 0.041044 0.374224 -0.921055 0.107771 0.100226 -0.994816 0.017198 0.401569 -0.897916 0.180248 0.706761 -0.691717 0.148381 0.396359 -0.811853 0.428712 0.202484 -0.825794 0.526369 0.720075 -0.673709 0.166155 0.646434 -0.693799 0.317437 0.539734 -0.563551 0.625379 0.27281 -0.573959 0.772105 0.941124 -0.264003 0.21116 0.905501 -0.301414 0.298695 0.81492 -0.38304 0.434956 0.951049 -0.246689 0.186145 0.567447 -0.233215 0.789693 0.265376 -0.260242 0.928359 0.64542 -0.188749 0.74014 0.877411 -0.159388 0.452488 0.982328 -0.171946 0.073933 0.998092 0.048616 -0.038059 0.955602 -0.294405 -0.012284 0.99286 0.084504 -0.084188 0.745692 -0.663238 -0.063707 -0.691009 -0.24858 0.678759 -0.733593 -0.182136 0.654728 0.989836 0.068307 0.124734 0.978037 0.101424 0.182093 0.977746 0.150987 0.145653 -0.691009 0.248586 0.678758 -0.733593 0.182139 0.654727 -0.70543 0.10641 0.700746 -0.738293 0.092017 0.668173 -0.311415 0.282259 0.907387 -0.303044 0.142211 0.942306 0.64513 0.188864 0.740363 0.614185 0.154115 0.773967 0.954194 0.146632 0.260792 0.960616 0.044591 0.274278 0.975396 0.128208 0.179345 0.982471 0.074898 0.170705 -0.704759 0.053494 0.707428 -0.738709 0.045479 0.672489 -0.287828 0.072273 0.954951 0.593648 0.076694 0.801062 0.957973 0.02297 0.285936 0.986003 0.03383 0.163261 0.991692 0.031008 0.124843 -0.704514 0 0.70969 -0.738981 -0 0.673726 -0.282255 0 0.959339 0.585962 -0 0.810339 0.956972 0 0.290179 0.986952 -0 0.161015 0.991832 -0.015147 0.126651 -0.704759 -0.053493 0.707428 -0.738709 -0.045478 0.672489 -0.287828 -0.072272 0.954951 0.593647 -0.076693 0.801062 0.957973 -0.02297 0.285937 0.986003 -0.03383 0.163261 -0.70543 -0.106409 0.700746 -0.738294 -0.092016 0.668173 -0.303043 -0.14221 0.942306 0.614185 -0.154113 0.773968 0.960616 -0.044591 0.274278 0.982471 -0.074897 0.170705 0.989836 -0.068306 0.124734 0.954195 -0.146627 0.260792 0.975397 -0.128205 0.179345 0.98367 -0.125914 0.128606 0.973871 0.051669 0.221148 0.982513 4e-06 0.186194 0.990023 -0.016254 0.139964 0.975823 -0.103835 0.192325 0.998893 -0.018295 0.043339 -0.786633 -0.063831 0.614113 -0.779522 -0.006037 0.626346 -0.775895 0.058663 0.628129 -0.794779 0.096249 0.599219 -0.729149 0.259789 0.633128 -0.670157 0.387093 0.633284 -0.626432 0.344966 0.698986 0.217886 0.260463 0.940577 -0.048341 0.279856 0.958824 0.569012 0.241975 0.785922 0.868288 0.17746 0.463232 0.906153 0.302626 0.295474 0.937334 0.277326 0.210941 0.978032 0.19297 0.078839 0.9449 0.270943 0.183723 -0.927599 0.04608 0.370724 -0.941522 0.006345 0.336891 -0.998283 0.029582 0.050565 -0.998457 -0.039312 0.039206 -0.999824 0.002985 0.018509 -0.996263 -0.083087 0.023607 0.099219 -0.994972 -0.013634 0.025974 -0.999658 -0.003154 0.042378 -0.999083 -0.00607 0.025986 -0.999657 -0.003155 0.02567 -0.999666 -0.003075 0.252093 -0.966753 -0.042875 0.025986 -0.999657 -0.003155 0.025986 -0.999657 -0.003158 0.025986 -0.999657 -0.003155 0.984318 -0.139643 -0.107788 0.025986 -0.999657 -0.003155 0.166107 -0.983015 0.07804 0.380175 -0.914051 0.141344 0.206136 -0.978499 0.006954 0.334722 -0.896456 0.290394 0.159052 -0.971093 0.177993 0.1381 -0.598979 0.788767 0.048479 -0.950064 0.308266 -0.000492 -0.981309 0.19244 -0.011893 -0.546235 0.837548 -0.102857 -0.9593 0.262992 -0.281452 -0.524879 0.803297 -0.01065 -0.984035 0.177656 0.16793 -0.985644 -0.017492 0.192182 -0.981164 -0.019573 0.378239 -0.922789 0.073453 0.416102 -0.868257 0.270165 -0.209468 -0.387916 0.897577 0.148555 -0.987734 0.048086 -0.123857 -0.982391 0.139881 -0.054987 -0.997141 0.051833 -0.122664 -0.989701 0.073795 0.03986 -0.999205 -6e-05 0.011983 -0.998456 0.054239 0.065514 -0.997092 0.038939 0.105441 -0.99434 -0.013075 0.12116 -0.990886 0.058871 0.137528 -0.989012 0.054238 -0.159736 -0.978728 -0.128749 -0.169283 -0.973862 0.151447 -0.097393 -0.968528 0.22906 -0.061796 -0.997832 0.02264 -0.034754 0.994467 0.099129 -0.034609 0.999268 0.016321 -0.027202 0.999017 0.035014 -0.025987 0.999657 0.003153 -0.025875 0.99966 0.003147 -0.025986 0.999657 0.003153 -0.025986 0.999657 0.003155 -0.025983 0.999658 0.003155 -0.026006 0.999656 0.0034 -0.997562 -0.035333 0.060177 -0.826438 0.504119 0.250727 -0.35206 0.848516 0.395062 -0.793558 0.454796 0.404261 -0.99582 -0.070371 0.058237 -0.730058 0.35308 0.585107 -0.559601 0.627315 0.541592 -0.271058 0.922231 0.275711 -0.23143 0.937736 0.259021 -0.167526 0.909543 0.380351 -0.421301 0.799131 0.428831 -0.443954 0.757926 0.477967 -0.293863 0.58794 0.753639 -0.562011 0.524379 0.639664 -0.042576 0.955234 0.292771 -0.058408 0.808427 0.585691 -0.062148 0.574759 0.815959 0.176778 -0.984194 -0.010578 0.323228 -0.944898 -0.051876 0.338541 -0.940951 -0.000987 0.113436 -0.605677 0.787584 -0.23364 -0.384886 0.892903 0.324664 -0.761134 0.561487 0.413204 -0.851875 0.321825 0.411296 -0.902052 0.130913 0.356761 -0.934075 -0.015022 0.427707 -0.903817 0.013436 0.3033 -0.759005 0.576125 0.402115 -0.845979 0.350176 0.427007 -0.892471 0.14547 0.501738 -0.864685 -0.024056 0.463551 -0.882312 -0.081526 -0.340181 -0.219094 0.914481 -0.57596 -0.24955 0.778456 0.509128 -0.790472 0.340504 0.267346 -0.571311 0.775971 0.472613 -0.63174 0.614444 0.542371 -0.250974 0.801777 0.776666 -0.374962 0.506156 0.864951 -0.451963 0.218149 0.940792 -0.33895 -0.004767 0.966784 -0.241682 -0.083179 0.785165 -0.612772 -0.089589 0.956319 -0.224377 -0.187376 0.963374 -0.23679 0.125864 0.89022 -0.23565 0.389842 0.742362 -0.23423 0.627721 0.278924 -0.233433 0.93151 0.041009 0.999149 -0.00437 0.025987 0.999657 -0.003155 0.034128 0.999409 -0.004145 0.678184 0.729024 -0.092689 0.023152 0.999728 -0.002968 0.023907 0.999704 -0.004443 0.08157 0.996075 0.034352 0.025963 0.999658 -0.003215 0.042171 0.998653 0.030223 0.02733 0.999621 -0.003278 0.025987 0.999657 -0.003155 0.992848 -0.084567 -0.084265 0.701691 0.705141 -0.102009 0.805723 0.591492 -0.030797 0.979967 0.058144 -0.190485 0.98478 -0.100067 -0.142109 0.988735 -0.095248 -0.115462 -0.414124 0.187579 0.890683 -0.211581 0.155396 0.964928 0.026526 0.997271 -0.068899 0.019635 0.995966 -0.087562 -0.59553 0.143772 0.790363 0.058404 0.996596 -0.058192 -0.737485 0.215618 0.64002 -0.941084 0.165257 0.295043 -0.844982 0.225542 0.484908 -0.085074 0.99357 0.074705 -0.946893 0.304891 0.102158 -0.032311 0.996132 0.081717 -0.034369 0.995921 0.083429 -0.959765 0.262297 -0.10026 0.10583 0.994345 0.008787 0.129417 0.991527 0.011242 0.128053 0.991748 0.006148 0.006319 0.331427 0.94346 0.023681 0.991317 -0.129341 0.107043 0.994168 -0.013122 0.077791 0.996085 -0.042003 0.998753 -0.048461 0.011986 0.998618 -0.05254 -0.001607 0.998767 0.048092 0.012319 0.999431 -0.024764 0.022888 -0.67481 -0.736492 0.047029 -0.405576 -0.91348 0.032588 -0.482158 -0.875984 0.013259 -0.79436 -0.606746 0.029191 -0.940706 -0.332766 0.065869 -0.935604 -0.350685 0.040804 -0.436922 -0.875466 -0.206539 -0.605721 -0.779734 -0.158483 -0.812602 -0.578256 -0.07279 -0.947101 -0.32011 0.023015 -0.494438 -0.817335 -0.295796 -0.817837 -0.550428 -0.167846 -0.982432 -0.186071 -0.014321 -0.316068 -0.944253 -0.092128 -0.584287 -0.808495 -0.070324 -0.854529 -0.51798 -0.038429 -0.988633 -0.15014 -0.007963 -0.476346 -0.879252 0.003133 0.031749 -0.999458 -0.00869 -0.864901 -0.501924 0.004224 -0.989244 -0.144303 -0.023932 -0.435356 -0.900205 0.009836 -0.933619 -0.356493 0.035611 -0.981103 -0.192387 0.020617 -0.990354 -0.114814 -0.077562 0.103176 -0.994618 0.00945 -0.025413 -0.999569 -0.014727 -0.162721 -0.972662 -0.165681 -0.298208 -0.870177 -0.392255 -0.204273 -0.978602 -0.024731 -0.265826 -0.915628 -0.301598 -0.218818 -0.975645 0.015325 -0.174938 -0.983966 0.034754 -0.657224 -0.750079 0.073748 -0.950687 -0.295144 0.095309 0.526447 0.801875 0.282576 0.486097 0.777206 0.399576 0.803154 0.103401 0.586729 0.53305 0.207462 0.820254 0.672175 0.105596 0.732823 0.892132 0.188834 0.410418 0.203665 0.433385 0.877894 0.026866 0.990606 -0.134084 0.037036 0.989864 -0.137101 0.368768 0.261981 0.891839 0.047109 0.991611 -0.120366 0.039127 0.995947 -0.080991 0.965208 0.126647 0.228767 0.909323 0.126308 0.396457 0.633655 0.737101 0.23487 0.921067 0.09259 0.378236 -0 -1 0 -0 -1 0 -0 -1 0 -0 -1 0 -0 -1 0 -0 -1 0 -0 -1 0 -0 -1 0 -0 -1 0 -0 -1 0 -0 -1 0 -0 -1 0 -0 -1 0 -0 -1 0 -0 -1 0 -0 -1 0 0.906274 -0.17496 0.384781 0.609105 -0.716763 0.339473 0.907391 -0.104752 0.407025 0.642311 -0.736226 0.213091 0.81677 -0.431101 0.383456 0.039484 -0.995515 -0.085972 0.925381 -0.091258 0.36789 0.142203 -0.989543 0.02415 0.697876 -0.212247 0.684047 0.56813 -0.103475 0.816408 0.386758 -0.315064 0.866691 0.028554 -0.99137 -0.127943 0.196613 -0.275448 0.940995 0.002891 -0.333875 0.942613 0.038835 -0.990071 -0.1351 -0.120509 0.911997 -0.392096 -0.009287 0.976089 -0.217173 -0.089899 0.926679 -0.364943 -0.21893 0.975618 0.015465 -0.158712 0.987184 0.016665 -0.107209 0.988811 -0.10373 0.065736 0.997194 -0.035826 -0.093361 0.98703 -0.130594 -0.286631 0.872575 -0.395545 -0.265533 0.87548 -0.403766 -0.238389 0.928117 -0.285955 -0.2007 0.935639 -0.290342 -0.195307 0.968839 -0.152335 -0.126046 0.980548 -0.15046 -0.150275 0.988619 -0.00705 -0.073004 0.997224 -0.014678 -0.084496 0.996393 0.00782 -0.078161 0.984814 -0.155022 -0.241153 0.880187 -0.408799 -0.164284 0.943748 -0.286967 -0.071911 0.987662 -0.139114 -0.025505 0.999469 -0.020268 -0.037224 0.999306 -0.001088 -0.21414 0.886273 -0.410687 -0.061924 0.982443 -0.175985 -0.127622 0.95136 -0.280403 -0.024617 0.99184 -0.125092 0.009344 0.999607 -0.026424 -0.001793 0.999965 -0.008177 -0.185431 0.893475 -0.409045 -0.045161 0.980137 -0.193113 -0.084288 0.958884 -0.270993 0.036209 0.993314 -0.109618 0.065881 0.997213 -0.035026 0.056939 0.998224 -0.01753 -0.155396 0.901943 -0.402928 -0.028369 0.977938 -0.206959 -0.028068 0.966557 -0.254911 0.12462 0.988219 -0.088845 0.16436 0.985413 -0.044136 0.159175 0.986599 -0.035853 0.029522 0.972564 -0.230756 0.208857 0.976126 -0.059631 0.263715 0.963533 -0.045368 0.293425 0.954299 -0.056704 0.051227 0.988454 -0.142602 -0.088471 0.995056 0.045136 0.008712 0.999682 0.023656 0.074818 0.996891 0.024709 0.176413 0.98426 -0.010502 0.323509 0.944828 -0.051399 0.415627 0.907761 -0.056788 0.390119 0.920135 -0.034048 0.003268 0.974513 -0.224307 0.01041 0.999925 -0.006449 -0.026302 0.999546 -0.014731 -0.161235 0.973331 -0.163188 -0.26382 0.918001 -0.296098 -0.297487 0.870786 -0.39145 -0.203426 0.978923 -0.0181 0.2471 0.968476 -0.031556 0.007834 0.960681 -0.277544 0 0.180762 -0.983527 0.000775 0.062793 -0.998026 0.380996 0.094049 -0.919781 0.909392 -0.180759 0.374609 0.970249 -0.122305 0.208948 0.983527 -0.180762 0 0.996947 0.073833 0.02539 0.995272 0.096565 0.010442 0.92207 0.062707 -0.381909 0.919793 0.094049 -0.380966 0.999247 0.026916 0.027933 0.923433 0.031377 -0.382474 0.999569 -0.007337 0.028424 0.923888 -0 -0.382662 0.999036 -0.035504 0.025804 0.92341 -0.032168 -0.382464 0.997429 -0.066034 0.027836 0.921979 -0.064265 -0.38187 0.995392 -0.095889 0.000583 0.919596 -0.096291 -0.380883 0.705746 0.062708 -0.705684 0.704003 0.094049 -0.703942 0.706789 0.031378 -0.706729 0.707136 0 -0.707077 0.706768 -0.032164 -0.706714 0.70567 -0.064266 -0.70562 0.703851 -0.096295 -0.703791 0.381936 0.062707 -0.922059 0.382498 0.031377 -0.923423 0.382681 0 -0.92388 0.382455 -0.032168 -0.923414 0.381839 -0.064265 -0.921992 0.380906 -0.096292 -0.919586 0.693954 0.180758 -0.696961 0.909392 -0.180759 -0.374609 0.693954 -0.180758 -0.696961 0.377629 -0.18076 -0.908142 0 -0.180762 -0.983527 -4.1e-05 -0.064859 -0.997895 0.693954 -0.180758 0.696961 0.377629 -0.180749 0.908144 0 -0.180762 0.983527 0 0 -1 0.909392 0.180758 -0.374609 0.377629 0.18076 -0.908142 0.909392 0.180758 0.374609 0.983527 0.180762 0 0.693954 0.180758 0.696961 0.995479 0.0882 0.035257 0.998233 0.047509 0.035676 0.995216 -0.091136 0.035204 0 0.180762 0.983527 0.377629 0.180749 0.908144 0 1 -0 0 1 -0 0 1 -0 0 1 -0 0 1 -0 0 1 -0 0 1 -0 0 1 -0 0 1 -0 0 1 -0 0 1 -0 0 1 -0 0 1 -0 0 1 -0 0 1 -0 0 1 -0 0 1 -0 0 1 -0 0 1 -0 0 1 -0 0 1 -0 0 1 -0 0 1 -0 0 1 -0 0 1 -0 0 1 -0 0 1 -0 0 1 -0 0 1 -0 0 1 -0 0 1 -0 0 1 -0 0.962142 0.211268 -0.172187 0.850791 0.508289 -0.133401 0.974029 0.182788 -0.13363 0.659739 0.747554 -0.076867 0.903504 0.416146 -0.10248 0.810259 0.58247 -0.064879 0.986636 0.141263 -0.081209 0.556418 0.825942 -0.090658 0.27393 0.957338 -0.092014 0.828795 0.554343 -0.076171 0.992069 0.118025 -0.043246 0.483628 0.835789 -0.259924 0.091237 0.947832 -0.305434 0.835853 0.527221 -0.15293 0.993085 0.115963 -0.018278 0.384034 0.884528 -0.264816 0.097028 0.943344 -0.317314 0.710709 0.684781 -0.161143 0.940887 0.33816 -0.019482 0.21894 0.966096 -0.136836 0.727909 0.683579 0.053552 0.972191 0.109924 0.206788 0.993859 0.102542 0.041593 -0.589109 -0.138719 0.796058 -0.742837 -0.119425 0.658734 -0.590529 -0.11984 0.798069 -0.976767 0.1422 0.16033 -0.998946 -0.045592 0.005369 -0.99587 -0.09063 0.005385 -0.998743 -0.045232 -0.021603 -0.995737 -0.089689 -0.021521 -0.999985 -4e-06 0.005415 -0.999766 -9e-05 -0.021615 -0.998908 0.046404 0.005408 -0.998707 0.046017 -0.021592 -0.995701 0.09247 0.005386 -0.995559 0.091647 -0.021519 -0.99783 -0.044724 -0.048319 -0.994865 -0.088985 -0.048229 -0.998827 6e-06 -0.048425 -0.997789 0.045581 -0.048375 -0.994702 0.09079 -0.048226 -0.97664 0.138564 0.164237 -0.932866 0.358601 0.03414 -0.94372 0.324512 0.06391 -0.9839 0.169475 0.056741 -0.941494 0.120093 0.314906 -0.658286 0.435137 0.61426 -0.57723 0.243962 0.779287 -0.795751 0.306545 0.522312 -0.858236 0.119933 0.499046 -0.589118 0.138725 0.79605 -0.739715 0.119948 0.662143 -0.87339 0.286126 0.39411 -0.590284 0.123121 0.79775 -0.590545 0.119855 0.798055 -0.981518 0.189026 0.029862 -0.976746 -0.142336 0.160338 -0.983891 -0.169498 0.056817 -0.994525 0 -0.104495 -0.992909 0.057007 -0.104319 -0.992925 -0.056903 -0.104222 -0.987119 -0.122212 -0.10325 -0.978302 0.207145 -0.004162 -0.993974 0.109141 0.010167 -0.987881 0.15494 -0.009222 -0.992384 0.119143 -0.031283 -0.989884 0.115922 -0.081804 -0.950056 0.311176 0.023715 -0.979304 -0.12523 0.159003 -0.944737 -0.29027 0.152363 -0.862932 -0.119374 0.491018 -0.94578 -0.119371 0.302079 -0.977202 -0.119461 0.175517 -0.052905 -0.996269 0.068189 -0.946639 -0.306523 0.099587 0.131599 -0.991244 0.010812 -0.565584 -0.131621 0.81412 -0.566728 -0.616824 0.546212 0.031227 -0.999062 -0.029993 -0.383713 -0.273291 0.882087 -0.200104 -0.157209 0.96708 0.029096 -0.995615 -0.088909 -0.926735 -0.198253 0.319153 -0.837982 -0.189701 0.511664 0.028467 -0.996599 -0.077333 -0.03437 -0.995921 0.08343 0.109787 -0.993919 -0.008521 0.127342 -0.991831 0.007404 -0.087125 -0.996088 0.01479 -0.156984 -0.987327 0.023265 -0.09107 -0.995263 0.034034 0.004952 -0.999374 -0.035039 0.007084 -0.997797 -0.065957 0.098377 -0.994865 -0.023793 -0.102839 -0.984302 -0.143434 -0.117964 -0.985876 -0.118884 0.010354 -0.995664 -0.09244 -0.086411 -0.982353 -0.165881 -0.069005 -0.980274 -0.185208 -0.051258 -0.978233 -0.201079 -0.033784 -0.97623 -0.214087 -0.014117 -0.974496 -0.22396 -0.25573 -0.885579 -0.387753 -0.277024 -0.882353 -0.380408 -0.231371 -0.890192 -0.392461 -0.204628 -0.895842 -0.394456 -0.176719 -0.902226 -0.393394 -0.148265 -0.909404 -0.388591 -0.11526 -0.917908 -0.379685 -0.163859 -0.960313 -0.225718 -0.215681 -0.95055 -0.223463 -0.118352 -0.969108 -0.216384 -0.074913 -0.976457 -0.202287 -0.02056 -0.98262 -0.184488 0.054557 -0.985767 -0.159019 0.127963 -0.983963 -0.12427 -0.074934 -0.997146 -0.009246 -0.15291 -0.98824 -0.000788 -0.028193 -0.999474 -0.016012 0.005508 -0.999725 -0.022783 0.063025 -0.99749 -0.032284 0.165687 -0.985175 -0.044484 0.274999 -0.960122 -0.050408 -0.03958 -0.999202 0.005309 -0.00172 -0.999997 -0.001748 0.05715 -0.998314 -0.010199 0.154239 -0.987595 -0.029443 0.296705 -0.953286 -0.056674 0.05075 -0.988703 -0.141036 -0.088076 -0.928358 -0.361102 0.086762 -0.977349 -0.193034 0.002716 -0.958777 -0.284146 0.242384 -0.969579 -0.034169 0.376735 -0.925673 -0.034629 0.420337 -0.905591 -0.056757 0.078153 -0.996717 0.021137 0.008382 -0.999571 0.028078 0.934271 -0.340327 -0.106376 0.87265 -0.468297 -0.138496 0.987544 -0.134205 -0.082129 0.78416 -0.617539 -0.061148 0.869821 -0.488112 -0.071817 0.993254 -0.108198 -0.041703 0.632492 -0.76975 -0.086248 0.379378 -0.920953 -0.088986 0.718108 -0.666933 -0.198802 0.991085 -0.131833 -0.019259 0.281812 -0.916114 -0.28516 0.992378 -0.112959 0.049265 0.854669 -0.509219 -0.101179 0.59119 -0.775693 -0.220895 0.193345 -0.930268 -0.311801 0.87233 -0.475474 0.113866 0.968935 -0.098743 0.22675 0.620428 -0.784214 -0.008827 0.973381 -0.18459 -0.135856 0.962016 -0.210689 -0.173594 -0.377629 0.18076 0.908142 -0.704266 -0.096295 -0.703375 -0.693954 -0.180758 -0.696961 -0.381874 -0.096293 -0.919185 -0.383111 0.062707 -0.921571 -0.381844 0.094045 -0.91943 -0.706164 0.062708 -0.705266 -0.704418 0.094049 -0.703527 -0.38349 0.031378 -0.923012 -0.707207 0.031378 -0.70631 -0.383499 0 -0.923541 -0.707553 0 -0.706661 -0.383405 -0.032168 -0.92302 -0.707184 -0.032164 -0.706297 -0.382646 -0.064263 -0.921658 -0.706086 -0.064266 -0.705203 -0.922185 0.062707 -0.381633 -0.919907 0.094049 -0.380692 -0.923548 0.031377 -0.382198 -0.924002 0 -0.382387 -0.923524 -0.032168 -0.382189 -0.922093 -0.064265 -0.381595 -0.919709 -0.096292 -0.380609 -0.909392 0.180758 -0.374609 -0.909392 -0.180759 -0.374609 -0.377629 -0.180749 -0.908144 -0.983527 -0.180762 0 -0.909392 -0.180759 0.374609 -0.693954 -0.180758 0.696961 -0.377629 -0.18076 0.908142 -0.693954 0.180758 -0.696961 -0.377629 0.180749 -0.908144 -0.983527 0.180762 -0 -0.909392 0.180758 0.374609 -0.693954 0.180758 0.696961 0.944642 -0.122576 0.304346 0.990184 -0.139447 0.009541 0.795045 -0.123559 0.593833 0.947324 -0.089014 0.307659 0.996339 -0.076314 0.03853 0.950085 -0.044666 0.308779 0.998335 -0.038301 0.043141 0.951011 -0.000271 0.309157 0.999001 -0.000227 0.044695 0.950105 0.044147 0.308789 0.998351 0.037834 0.043183 0.947373 0.088425 0.307676 0.996369 0.075887 0.038601 0.446047 0.14428 0.883304 0.990242 0.139035 0.009479 0.79465 0.123562 0.594361 0.974865 -0.118249 -0.188825 0.995677 0.079529 -0.047977 0.508001 0.123267 0.852491 0.942751 0.122539 0.310169 0.98345 0.121371 0.134518 0.992539 0.12178 -0.006026 0.992264 0.12205 -0.022717 0.97491 0.117702 -0.188936 0.981913 0.010463 -0.189044 0.983374 -0.113421 -0.141815 0.988805 0.0944 -0.115553 -0.241101 0.120883 0.962942 0.144522 0.121841 0.981972 -0.124413 0.2831 0.950987 -0.261063 0.295824 0.918877 -0.403412 0.248141 0.88073 -0.528454 0.244037 0.813131 0.998472 -0.039651 -0.038486 0.995662 -0.07972 -0.047981 0.975744 0.217031 -0.028671 0.44605 -0.144655 0.883241 0.508293 -0.123278 0.852315 0.144771 -0.121989 0.981917 -0.24096 -0.120819 0.962985 0.995348 -0.068576 -0.067667 0.992252 -0.124082 -0.006346 0.983941 -0.121243 0.131 0.488373 0.864215 0.120935 0.284626 0.390537 0.875482 0.170488 0.901484 0.397819 0.189913 0.964948 0.181131 0.24844 0.963133 0.103215 0.438527 0.892906 0.102044 0.393679 0.81391 0.42728 0.531402 0.808854 0.251728 0.247084 0.700714 0.66929 0.715269 0.679511 0.163262 0.537985 0.566697 0.624041 0.738683 0.558859 0.376862 -0.481152 0.876625 0.004647 -0.275629 0.961192 0.011762 -0.840515 0.541612 -0.013832 -0.830784 0.555761 -0.030451 -0.868016 0.496534 -0.00125 -0.583755 0.809459 -0.0633 -0.310704 0.946754 -0.084382 -0.619186 0.742647 -0.255116 -0.451328 0.839172 -0.303469 -0.821985 0.545306 -0.164262 -0.680342 0.720242 -0.135592 -0.437766 0.874003 -0.210904 -0.865226 0.499381 -0.044753 -0.482355 0.875893 0.012034 -0.790473 0.611875 0.027576 -0.935391 0.351285 0.040526 -0.785006 0.617218 0.052994 -0.475854 0.878776 0.036259 -0.147264 -0.989081 0.005742 0.021736 -0.999763 0.001079 -0.147264 0.989081 0.005742 0.089207 0.995996 0.005824 -2e-06 -1 -1e-06 -2e-06 -1 -1e-06 -2e-06 -1 -1e-06 -2e-06 -1 -1e-06 -2e-06 -1 -1e-06 -2e-06 -1 -1e-06 -2e-06 -1 -1e-06 -2e-06 -1 -1e-06 -2e-06 -1 -1e-06 -2e-06 -1 -1e-06 -2e-06 -1 -1e-06 -2e-06 -1 -1e-06 -2e-06 -1 -1e-06 -2e-06 -1 -1e-06 -2e-06 -1 -1e-06 -2e-06 -1 -1e-06 -2e-06 -1 -1e-06 -2e-06 -1 -1e-06 -2e-06 -1 -1e-06 -2e-06 -1 -1e-06 -2e-06 -1 -1e-06 -2e-06 -1 -1e-06 -2e-06 -1 -1e-06 -2e-06 -1 -1e-06 -2e-06 -1 -1e-06 -2e-06 -1 -1e-06 -2e-06 -1 -1e-06 -2e-06 -1 -1e-06 -2e-06 -1 -1e-06 -2e-06 -1 -1e-06 -2e-06 -1 -1e-06 -0.003451 -0.999994 0.000418 -2e-06 -1 -1e-06 -2e-06 -1 -1e-06 -0.003508 -0.999994 0.000425 -2e-06 -1 -1e-06 -2e-06 -1 -1e-06 0.95664 0 -0.291272 0.883936 0 -0.467607 0.969044 0 -0.246889 0.778756 0 -0.627326 0.85235 0 -0.522971 0.593953 0 -0.8045 0.619038 0 -0.785361 0.273085 0 -0.96199 0.309289 0 -0.950968 -0.547528 -0.677334 0.491357 -0.791601 -0.540378 -0.285234 -0.935975 -0.198541 0.290746 -0.081055 0.084724 -0.993102 -0.461687 -0.045418 0.88588 -0.255371 -0.685866 0.68145 -0.624927 -0.672451 -0.396579 -0.097439 0.681255 0.725533 -0.191837 0.149087 0.970037 0.440676 0.454011 0.774389 0.00088 0.174405 0.984674 0.152506 0.615555 0.773197 0.113436 0.605679 0.787582 -0.204335 0.395521 0.895438 0.08547 0.596557 0.798007 0.324664 0.761136 0.561485 0.354426 0.776633 0.520791 0.307037 0.749138 0.586958 0.417633 0.868933 0.265589 0.41483 0.858712 0.300881 0.414357 0.842165 0.345059 0.383704 0.919411 0.086342 0.411296 0.902052 0.130913 0.383735 0.923396 0.009413 0.296418 0.954939 -0.015127 0.34623 0.938026 -0.015264 0.259384 0.965744 -0.00761 -0.025983 -0.999657 0.003153 -0.025986 -0.999657 0.003153 -0.019709 -0.999612 0.01969 -0.032891 -0.999451 0.003994 -0.026063 -0.999655 0.003172 -0.072509 -0.68149 0.728226 0.149393 -0.680831 0.717043 -0.998705 0.006068 0.050514 -0.986892 0 -0.161383 -0.941288 0 -0.337604 -0.99626 0 -0.086405 -0.84363 0 -0.536926 -0.956077 0 -0.293117 -0.673306 0 -0.739364 -0.873497 0 -0.48683 -0.628198 0 -0.778054 -0.297176 0 -0.954823 -0.344194 0 -0.938899 -0.000377 0 -1 0 1 -0 0 1 -0 0 1 -0 0 1 -0 0 1 -0 0 1 -0 0 1 -0 0 1 -0 0 1 -0 0.003647 0.999993 -0.000443 0.004675 0.999989 -0.000568 0 1 -0 0 1 -0 0 1 -0 0 1 -0 0 1 -0 0 1 -0 0 1 -0 0 1 -0 0 1 -0 0 1 -0 0.350437 0 -0.936586 0.295826 0 -0.955242 0.544488 0 -0.838769 0.631573 0 -0.775316 0.869405 0 -0.494101 0.810579 0 -0.58563 0.695366 0 -0.718656 0.935481 0.011864 -0.353177 0.963383 -0.03408 -0.265954 0.923324 -0 -0.384023 0.923324 -0 -0.384023 1 -0 0 1 -0 0 0.708678 -0 -0.705532 0.708678 -0 -0.705532 0.38101 -0 -0.924571 0.38101 -0 -0.924571 0 0 -1 0 0 -1 -0.38101 -0 -0.924571 -0.38101 -0 -0.924571 -0.708678 -0 -0.705532 -0.708678 -0 -0.705532 -0.923324 -0 -0.384023 -0.923324 -0 -0.384023 -1 0 -0 -1 0 -0 -0 -1 0 -0 -1 0 -0 -1 0 -0 -1 0 -0 -1 0 -0 -1 0 -0 -1 0 -0 -1 0 -0 -1 0 -0 -1 0 -0 -1 0 -0 -1 0 -0 -1 0 -0 -1 0 -0 -1 0 -0 -1 0 -0.923324 0 0.384023 -0.923324 0 0.384023 -0.708678 -0 0.705532 -0.708678 -0 0.705532 -0.38101 -0 0.924571 -0.38101 -0 0.924571 0 -0 1 0 -0 1 0.38101 -0 0.924571 0.38101 -0 0.924571 0.708678 -0 0.705532 0.708678 -0 0.705532 0.923324 0 0.384023 0.923324 0 0.384023 0.923324 -0 -0.384023 0.923324 -0 -0.384023 0.708678 -0 -0.705532 0.708678 -0 -0.705532 0.38101 -0 -0.924571 0.38101 -0 -0.924571 0 0 -1 0 0 -1 -0.38101 -0 -0.924571 -0.38101 -0 -0.924571 -0.708678 -0 -0.705532 -0.708678 -0 -0.705532 -0.923324 -0 -0.384023 -0.923324 -0 -0.384023 0 1 -0 0 1 -0 0 1 -0 0 1 -0 0 1 -0 0 1 -0 0 1 -0 0 1 -0 0 1 -0 0 1 -0 0 1 -0 0 1 -0 0 1 -0 0 1 -0 0 1 -0 0 1 -0</float_array>
					<technique_common>
						<accessor count="1140" source="#base2_M1KShape0.normals-array" stride="3">
							<param name="X" type="float"/>
							<param name="Y" type="float"/>
							<param name="Z" type="float"/>
						</accessor>
					</technique_common>
				</source>
				<vertices id="base2_M1KShape0.vertices">
					<input semantic="POSITION" source="#base2_M1KShape0.positions"/>
				</vertices>
				<triangles count="1914" material="blinn20.material">
					<input offset="0" semantic="VERTEX" source="#base2_M1KShape0.vertices" set="0"/>
					<input offset="1" semantic="NORMAL" source="#base2_M1KShape0.normals" set="0"/>
					<p>0 0 2 2 1 1 3 3 2 2 0 0 4 4 1 1 5 5 0 0 1 1 4 4 6 6 5 5 7 7 4 4 5 5 6 6 8 8 7 7 9 9 6 6 7 7 8 8 10 10 9 9 11 11 8 8 9 9 10 10 12 12 11 11 13 13 10 10 11 11 12 12 14 14 13 13 15 15 12 12 13 13 14 14 16 16 15 15 17 17 14 14 15 15 16 16 18 18 20 20 19 19 21 21 22 22 18 18 20 20 18 18 22 22 23 23 22 22 21 21 24 24 25 25 22 22 24 24 22 22 23 23 22 22 25 25 20 20 26 26 28 28 27 27 29 29 30 30 28 28 30 30 31 31 28 28 27 27 28 28 31 31 32 32 29 29 28 28 33 33 35 35 34 34 36 36 35 35 37 37 36 36 38 38 35 35 38 38 34 34 35 35 39 39 41 41 40 40 42 42 44 44 43 43 45 45 46 46 43 43 42 42 43 43 46 46 47 47 38 38 48 48 38 38 47 47 34 34 39 39 34 34 47 47 46 46 45 45 41 41 48 48 39 39 47 47 39 39 48 48 41 41 49 49 51 51 50 50 37 37 51 51 52 52 52 52 36 36 37 37 53 53 48 48 54 54 48 48 55 55 54 54 53 53 54 54 56 56 53 53 56 56 57 57 52 52 51 51 49 49 58 58 54 54 59 59 59 59 55 55 36 36 54 54 58 58 56 56 55 55 59 59 54 54 60 60 61 61 56 56 53 53 62 62 48 48 63 63 48 48 62 62 36 36 55 55 38 38 48 48 38 38 55 55 64 64 65 65 50 50 50 50 65 65 49 49 66 66 68 68 67 67 69 69 66 66 70 70 71 71 67 67 68 68 72 72 69 69 73 73 67 67 70 70 66 66 74 74 72 72 73 73 70 70 73 73 69 69 75 75 74 74 76 76 73 73 76 76 74 74 76 76 77 77 75 75 78 78 75 75 77 77 50 50 51 51 21 21 79 79 80 80 19 19 80 80 18 18 19 19 81 81 79 79 19 19 82 82 81 81 42 42 42 42 83 83 82 82 84 84 83 83 85 85 85 85 83 83 41 41 48 48 63 63 41 41 83 83 84 84 86 86 83 83 86 86 82 82 60 60 86 86 84 84 81 81 82 82 87 87 87 87 82 82 86 86 79 79 81 81 88 88 88 88 81 81 87 87 27 27 89 89 79 79 27 27 79 79 88 88 79 79 89 89 80 80 80 80 64 64 18 18 64 64 80 80 89 89 50 50 21 21 64 64 18 18 64 64 21 21 85 85 41 41 53 53 62 62 41 41 63 63 62 62 53 53 41 41 84 84 85 85 56 56 53 53 57 57 85 85 57 57 56 56 85 85 60 60 84 84 61 61 56 56 61 61 84 84 44 44 42 42 81 81 81 81 19 19 44 44 83 83 42 42 46 46 46 46 41 41 83 83 21 21 51 51 37 37 90 90 92 92 91 91 91 91 92 92 93 93 90 90 94 94 92 92 92 92 95 95 93 93 95 95 92 92 96 96 95 95 97 97 93 93 97 97 98 98 93 93 94 94 99 99 92 92 99 99 96 96 92 92 100 100 102 102 101 101 103 103 105 105 104 104 105 105 103 103 106 106 107 107 105 105 108 108 106 106 108 108 105 105 108 108 109 109 107 107 110 110 107 107 109 109 109 109 111 111 110 110 112 112 110 110 111 111 111 111 113 113 112 112 114 114 112 112 113 113 115 115 114 114 116 116 113 113 116 116 114 114 108 108 117 117 109 109 117 117 108 108 106 106 111 111 109 109 118 118 118 118 109 109 117 117 119 119 120 120 116 116 110 110 112 112 121 121 121 121 122 122 110 110 114 114 121 121 112 112 110 110 122 122 107 107 107 107 123 123 105 105 123 123 107 107 122 122 103 103 104 104 124 124 116 116 120 120 115 115 125 125 127 127 126 126 128 128 129 129 126 126 130 130 126 126 127 127 131 131 128 128 132 132 126 126 133 133 128 128 132 132 128 128 133 133 133 133 126 126 130 130 130 130 127 127 134 134 133 133 71 71 132 132 130 130 135 135 133 133 134 134 136 136 130 130 135 135 130 130 136 136 125 125 134 134 127 127 137 137 129 129 128 128 137 137 138 138 129 129 126 126 129 129 138 138 139 139 125 125 140 140 125 125 126 126 140 140 140 140 126 126 138 138 141 141 143 143 142 142 144 144 146 146 145 145 147 147 149 149 148 148 150 150 151 151 149 149 151 151 148 148 149 149 152 152 154 154 153 153 155 155 157 157 156 156 156 156 157 157 158 158 159 159 160 160 158 158 160 160 159 159 139 139 158 158 160 160 156 156 139 139 161 161 160 160 156 156 162 162 155 155 160 160 162 162 156 156 162 162 160 160 163 163 163 163 160 160 161 161 162 162 164 164 155 155 165 165 155 155 164 164 164 164 162 162 163 163 163 163 161 161 166 166 163 163 167 167 164 164 167 167 163 163 166 166 164 164 168 168 165 165 167 167 169 169 164 164 168 168 164 164 169 169 169 169 167 167 170 170 166 166 170 170 167 167 170 170 166 166 171 171 172 172 173 173 165 165 174 174 175 175 165 165 173 173 174 174 165 165 175 175 176 176 155 155 155 155 165 165 175 175 157 157 155 155 176 176 176 176 177 177 157 157 172 172 165 165 168 168 178 178 180 180 179 179 179 179 140 140 178 178 178 178 138 138 137 137 138 138 178 178 140 140 179 179 181 181 171 171 166 166 179 179 171 171 140 140 179 179 161 161 161 161 179 179 166 166 139 139 140 140 161 161 178 178 137 137 180 180 180 180 182 182 179 179 181 181 179 179 182 182 183 183 185 185 184 184 186 186 188 188 187 187 183 183 187 187 188 188 187 187 183 183 189 189 189 189 183 183 184 184 190 190 186 186 187 187 189 189 191 191 187 187 191 191 189 189 184 184 187 187 192 192 190 190 187 187 191 191 192 192 191 191 184 184 193 193 194 194 191 191 193 193 195 195 196 196 194 194 191 191 194 194 196 196 196 196 197 197 191 191 198 198 190 190 192 192 191 191 197 197 192 192 198 198 192 192 197 197 199 199 201 201 200 200 202 202 204 204 203 203 205 205 202 202 203 203 202 202 205 205 206 206 206 206 205 205 200 200 207 207 204 204 202 202 200 200 208 208 206 206 201 201 209 209 200 200 208 208 200 200 209 209 202 202 210 210 207 207 206 206 211 211 202 202 210 210 202 202 211 211 211 211 206 206 208 208 208 208 212 212 211 211 209 209 213 213 208 208 212 212 208 208 213 213 210 210 214 214 207 207 214 214 210 210 215 215 211 211 216 216 210 210 215 215 210 210 216 216 216 216 211 211 212 212 214 214 217 217 207 207 212 212 218 218 216 216 213 213 219 219 212 212 218 218 212 212 219 219 218 218 220 220 216 216 201 201 176 176 209 209 177 177 176 176 201 201 209 209 175 175 213 213 175 175 209 209 176 176 219 219 213 213 173 173 174 174 213 213 175 175 174 174 173 173 213 213 221 221 216 216 220 220 221 221 215 215 216 216 222 222 207 207 217 217 200 200 205 205 199 199 223 223 207 207 222 222 207 207 224 224 204 204 225 225 226 226 224 224 226 226 203 203 224 224 204 204 224 224 203 203 224 224 207 207 223 223 227 227 169 169 228 228 229 229 231 231 230 230 232 232 234 234 233 233 235 235 233 233 234 234 236 236 237 237 232 232 234 234 232 232 237 237 238 238 239 239 236 236 237 237 236 236 239 239 240 240 241 241 238 238 239 239 238 238 241 241 242 242 243 243 240 240 241 241 240 240 243 243 231 231 229 229 242 242 243 243 242 242 229 229 234 234 244 244 235 235 245 245 235 235 244 244 237 237 246 246 234 234 244 244 234 234 246 246 239 239 247 247 237 237 246 246 237 237 247 247 241 241 248 248 239 239 247 247 239 239 248 248 243 243 249 249 241 241 248 248 241 241 249 249 229 229 250 250 243 243 249 249 243 243 250 250 244 244 251 251 245 245 252 252 245 245 251 251 246 246 253 253 244 244 251 251 244 244 253 253 247 247 254 254 246 246 253 253 246 246 254 254 248 248 255 255 247 247 254 254 247 247 255 255 249 249 256 256 248 248 255 255 248 248 256 256 250 250 257 257 249 249 256 256 249 249 257 257 251 251 258 258 252 252 259 259 252 252 258 258 253 253 260 260 251 251 258 258 251 251 260 260 254 254 261 261 253 253 260 260 253 253 261 261 255 255 262 262 254 254 261 261 254 254 262 262 256 256 263 263 255 255 262 262 255 255 263 263 263 263 256 256 257 257 258 258 264 264 259 259 265 265 259 259 264 264 260 260 266 266 258 258 264 264 258 258 266 266 261 261 267 267 260 260 266 266 260 260 267 267 262 262 268 268 261 261 267 267 261 261 268 268 263 263 269 269 262 262 268 268 262 262 269 269 257 257 270 270 263 263 269 269 263 263 270 270 264 264 227 227 265 265 228 228 265 265 227 227 266 266 172 172 264 264 227 227 264 264 172 172 267 267 220 220 266 266 172 172 266 266 220 220 268 268 271 271 267 267 220 220 267 267 271 271 269 269 272 272 268 268 271 271 268 268 272 272 270 270 273 273 269 269 272 272 269 269 273 273 170 170 171 171 228 228 250 250 229 229 274 274 257 257 250 250 275 275 230 230 274 274 229 229 274 274 275 275 250 250 257 257 276 276 270 270 276 276 257 257 275 275 270 270 277 277 273 273 277 277 270 270 276 276 278 278 222 222 273 273 278 278 273 273 277 277 217 217 272 272 222 222 273 273 222 222 272 272 271 271 272 272 214 214 265 265 228 228 279 279 265 265 279 279 259 259 171 171 279 279 228 228 252 252 280 280 245 245 252 252 259 259 280 280 280 280 259 259 279 279 235 235 281 281 233 233 235 235 245 245 281 281 281 281 245 245 280 280 282 282 283 283 233 233 282 282 233 233 281 281 232 232 233 233 284 284 283 283 284 284 233 233 284 284 285 285 232 232 232 232 285 285 236 236 286 286 238 238 287 287 286 286 288 288 238 238 236 236 287 287 238 238 238 238 289 289 240 240 290 290 291 291 240 240 290 290 240 240 289 289 240 240 291 291 242 242 231 231 242 242 292 292 293 293 242 242 291 291 293 293 292 292 242 242 214 214 215 215 271 271 217 217 214 214 272 272 220 220 271 271 221 221 215 215 221 221 271 271 218 218 219 219 220 220 172 172 220 220 173 173 219 219 173 173 220 220 227 227 172 172 168 168 168 168 169 169 227 227 170 170 228 228 169 169 294 294 280 280 295 295 296 296 297 297 295 295 280 280 279 279 295 295 295 295 181 181 296 296 181 181 295 295 279 279 182 182 296 296 181 181 294 294 281 281 280 280 282 282 281 281 294 294 171 171 181 181 279 279 296 296 298 298 297 297 295 295 297 297 294 294 299 299 294 294 297 297 199 199 205 205 300 300 301 301 303 303 302 302 201 201 302 302 177 177 303 303 177 177 302 302 201 201 199 199 302 302 302 302 199 199 300 300 304 304 301 301 302 302 203 203 300 300 205 205 302 302 305 305 304 304 306 306 305 305 307 307 305 305 306 306 304 304 307 307 309 309 308 308 309 309 307 307 305 305 310 310 308 308 309 309 311 311 313 313 312 312 312 312 314 314 311 311 315 315 311 311 314 314 316 316 317 317 151 151 316 316 318 318 317 317 318 318 316 316 319 319 320 320 318 318 321 321 319 319 321 321 318 318 317 317 318 318 322 322 323 323 324 324 313 313 313 313 325 325 312 312 314 314 326 326 151 151 314 314 312 312 326 326 326 326 312 312 325 325 150 150 315 315 151 151 314 314 151 151 315 315 316 316 327 327 319 319 98 98 321 321 327 327 321 321 319 319 327 327 311 311 328 328 313 313 98 98 97 97 321 321 321 321 97 97 320 320 329 329 331 331 330 330 332 332 333 333 330 330 333 333 332 332 334 334 153 153 330 330 333 333 335 335 336 336 334 334 153 153 333 333 334 334 336 336 337 337 334 334 150 150 149 149 337 337 150 150 337 337 315 315 152 152 334 334 337 337 334 334 152 152 153 153 330 330 153 153 338 338 330 330 338 338 329 329 338 338 339 339 329 329 320 320 97 97 340 340 329 329 339 339 95 95 339 339 340 340 97 97 97 97 95 95 339 339 331 331 329 329 96 96 95 95 96 96 329 329 330 330 331 331 341 341 334 334 332 332 335 335 330 330 341 341 332 332 324 324 335 335 332 332 324 324 323 323 335 335 335 335 313 313 336 336 313 313 335 335 323 323 328 328 336 336 313 313 315 315 337 337 311 311 311 311 336 336 328 328 336 336 311 311 337 337 340 340 318 318 320 320 195 195 194 194 342 342 343 343 344 344 193 193 344 344 342 342 194 194 193 193 344 344 194 194 345 345 346 346 184 184 185 185 347 347 184 184 347 347 345 345 184 184 184 184 346 346 193 193 346 346 348 348 193 193 348 348 349 349 193 193 350 350 343 343 193 193 349 349 350 350 193 193 197 197 351 351 198 198 351 351 197 197 352 352 196 196 352 352 197 197 352 352 196 196 353 353 351 351 352 352 354 354 353 353 354 354 352 352 355 355 351 351 354 354 355 355 354 354 356 356 299 299 355 355 294 294 294 294 355 355 356 356 357 357 354 354 353 353 195 195 353 353 196 196 354 354 357 357 356 356 282 282 294 294 356 356 342 342 358 358 195 195 344 344 358 358 342 342 343 343 359 359 344 344 358 358 344 344 359 359 359 359 343 343 360 360 358 358 361 361 195 195 361 361 358 358 362 362 359 359 362 362 358 358 362 362 359 359 360 360 357 357 361 361 362 362 360 360 363 363 362 362 362 362 284 284 357 357 356 356 357 357 284 284 284 284 362 362 364 364 364 364 362 362 363 363 283 283 356 356 284 284 350 350 365 365 343 343 343 343 365 365 360 360 360 360 366 366 363 363 366 366 360 360 365 365 367 367 363 363 366 366 287 287 236 236 363 363 287 287 363 363 367 367 236 236 285 285 363 363 364 364 363 363 285 285 361 361 357 357 353 353 361 361 353 353 195 195 285 285 284 284 364 364 356 356 283 283 282 282 368 368 369 369 324 324 324 324 370 370 325 325 316 316 371 371 327 327 372 372 327 327 371 371 151 151 373 373 316 316 371 371 316 316 373 373 326 326 374 374 151 151 373 373 151 151 374 374 325 325 375 375 326 326 374 374 326 326 375 375 375 375 325 325 370 370 324 324 376 376 370 370 370 370 377 377 375 375 377 377 370 370 376 376 371 371 101 101 372 372 373 373 378 378 371 371 101 101 371 371 378 378 374 374 379 379 373 373 378 378 373 373 379 379 375 375 380 380 374 374 379 379 374 374 380 380 380 380 375 375 377 377 376 376 381 381 377 377 369 369 382 382 376 376 376 376 324 324 369 369 381 381 376 376 382 382 383 383 384 384 372 372 384 384 98 98 372 372 372 372 98 98 327 327 324 324 325 325 313 313 379 379 380 380 385 385 101 101 378 378 386 386 372 372 101 101 102 102 383 383 372 372 102 102 387 387 386 386 378 378 387 387 388 388 386 386 387 387 385 385 388 388 389 389 388 388 385 385 385 385 390 390 389 389 390 390 385 385 380 380 380 380 391 391 390 390 392 392 391 391 381 381 381 381 393 393 392 392 378 378 379 379 387 387 387 387 379 379 385 385 391 391 380 380 377 377 391 391 377 377 381 381 382 382 393 393 381 381 382 382 394 394 393 393 394 394 392 392 393 393 390 390 391 391 395 395 395 395 396 396 390 390 390 390 396 396 389 389 389 389 397 397 388 388 397 397 389 389 396 396 386 386 388 388 398 398 100 100 101 101 386 386 398 398 100 100 386 386 349 349 399 399 350 350 399 399 401 401 400 400 402 402 399 399 400 400 402 402 400 400 403 403 404 404 406 406 405 405 399 399 406 406 404 404 407 407 399 399 404 404 403 403 408 408 402 402 401 401 409 409 400 400 407 407 350 350 399 399 401 401 399 399 349 349 410 410 412 412 411 411 413 413 411 411 399 399 406 406 399 399 411 411 399 399 402 402 413 413 412 412 405 405 411 411 406 406 411 411 405 405 414 414 411 411 413 413 410 410 411 411 415 415 415 415 411 411 414 414 416 416 418 418 417 417 419 419 417 417 418 418 420 420 421 421 416 416 418 418 416 416 421 421 421 421 420 420 422 422 423 423 425 425 424 424 425 425 423 423 426 426 422 422 427 427 421 421 427 427 422 422 424 424 424 424 428 428 427 427 428 428 424 424 425 425 429 429 430 430 426 426 430 430 431 431 426 426 425 425 426 426 431 431 428 428 425 425 432 432 433 433 419 419 434 434 419 419 433 433 417 417 427 427 428 428 435 435 431 431 432 432 425 425 435 435 436 436 427 427 432 432 435 435 428 428 427 427 436 436 421 421 230 230 438 438 437 437 277 277 439 439 278 278 439 439 277 277 276 276 438 438 230 230 231 231 231 231 292 292 438 438 274 274 230 230 440 440 440 440 275 275 274 274 437 437 440 440 230 230 441 441 443 443 442 442 443 443 441 441 444 444 445 445 444 444 441 441 444 444 445 445 446 446 447 447 443 443 448 448 444 444 449 449 443 443 448 448 443 443 449 449 446 446 450 450 444 444 449 449 444 444 450 450 448 448 451 451 447 447 449 449 452 452 448 448 451 451 448 448 452 452 450 450 453 453 449 449 452 452 449 449 453 453 454 454 451 451 455 455 452 452 455 455 451 451 455 455 452 452 456 456 453 453 456 456 452 452 456 456 453 453 457 457 455 455 458 458 454 454 459 459 454 454 458 458 456 456 460 460 455 455 458 458 455 455 460 460 457 457 461 461 456 456 460 460 456 456 461 461 458 458 462 462 459 459 460 460 462 462 458 458 463 463 446 446 445 445 453 453 450 450 464 464 446 446 463 463 450 450 465 465 460 460 461 461 465 465 466 466 460 460 466 466 459 459 462 462 459 459 467 467 454 454 454 454 468 468 451 451 468 468 454 454 467 467 451 451 469 469 447 447 469 469 451 451 468 468 443 443 447 447 470 470 471 471 447 447 469 469 442 442 443 443 472 472 471 471 470 470 447 447 472 472 473 473 442 442 470 470 472 472 443 443 441 441 442 442 474 474 474 474 475 475 441 441 473 473 474 474 442 442 441 441 475 475 445 445 462 462 460 460 466 466 476 476 478 478 477 477 477 477 480 480 479 479 480 480 477 477 478 478 478 478 476 476 481 481 433 433 434 434 482 482 434 434 483 483 482 482 483 483 484 484 482 482 482 482 484 484 485 485 479 479 485 485 486 486 484 484 486 486 485 485 477 477 479 479 486 486 486 486 487 487 477 477 487 487 476 476 477 477 488 488 481 481 489 489 490 490 491 491 489 489 489 489 476 476 490 490 481 481 476 476 489 489 487 487 490 490 476 476 492 492 494 494 493 493 494 494 496 496 495 495 495 495 497 497 494 494 496 496 498 498 495 495 498 498 499 499 495 495 499 499 500 500 495 495 500 500 501 501 495 495 501 501 502 502 495 495 503 503 495 495 502 502 497 497 504 504 494 494 504 504 505 505 494 494 505 505 506 506 494 494 506 506 507 507 494 494 507 507 493 493 494 494 508 508 510 510 509 509 511 511 513 513 512 512 512 512 510 510 511 511 513 513 509 509 512 512 510 510 512 512 509 509 514 514 511 511 510 510 515 515 517 517 516 516 517 517 515 515 518 518 519 519 521 521 520 520 513 513 515 515 516 516 513 513 516 516 509 509 518 518 515 515 522 522 520 520 518 518 522 522 519 519 520 520 522 522 523 523 525 525 524 524 526 526 26 26 527 527 528 528 530 530 529 529 421 421 529 529 530 530 531 531 532 532 528 528 530 530 528 528 532 532 533 533 534 534 531 531 532 532 531 531 534 534 535 535 536 536 533 533 534 534 533 533 536 536 537 537 538 538 535 535 536 536 535 535 538 538 527 527 539 539 537 537 538 538 537 537 539 539 530 530 540 540 421 421 532 532 541 541 530 530 540 540 530 530 541 541 534 534 542 542 532 532 541 541 532 532 542 542 536 536 543 543 534 534 542 542 534 534 543 543 538 538 544 544 536 536 543 543 536 536 544 544 539 539 545 545 538 538 544 544 538 538 545 545 541 541 546 546 540 540 547 547 540 540 546 546 542 542 548 548 541 541 546 546 541 541 548 548 543 543 549 549 542 542 548 548 542 542 549 549 544 544 550 550 543 543 549 549 543 543 550 550 545 545 551 551 544 544 550 550 544 544 551 551 546 546 552 552 547 547 553 553 547 547 552 552 548 548 554 554 546 546 552 552 546 546 554 554 549 549 555 555 548 548 554 554 548 548 555 555 550 550 556 556 549 549 555 555 549 549 556 556 551 551 557 557 550 550 556 556 550 550 557 557 552 552 558 558 553 553 559 559 553 553 558 558 554 554 560 560 552 552 558 558 552 552 560 560 555 555 561 561 554 554 560 560 554 554 561 561 556 556 562 562 555 555 561 561 555 555 562 562 557 557 563 563 556 556 562 562 556 556 563 563 558 558 523 523 559 559 524 524 559 559 523 523 560 560 564 564 558 558 523 523 558 558 564 564 561 561 565 565 560 560 564 564 560 560 565 565 562 562 566 566 561 561 565 565 561 561 566 566 563 563 567 567 562 562 566 566 562 562 567 567 568 568 486 486 524 524 539 539 527 527 569 569 539 539 569 569 545 545 26 26 569 569 527 527 551 551 570 570 557 557 551 551 545 545 570 570 570 570 545 545 569 569 557 557 571 571 563 563 571 571 557 557 570 570 563 563 572 572 567 567 572 572 563 563 571 571 573 573 120 120 567 567 573 573 567 567 572 572 120 120 574 574 567 567 575 575 566 566 574 574 567 567 574 574 566 566 566 566 575 575 565 565 487 487 486 486 568 568 576 576 568 568 524 524 484 484 524 524 486 486 524 524 484 484 559 559 553 553 559 559 483 483 547 547 553 553 434 434 484 484 483 483 559 559 540 540 547 547 419 419 483 483 434 434 553 553 419 419 418 418 540 540 434 434 419 419 547 547 540 540 418 418 421 421 529 529 421 421 436 436 436 436 435 435 529 529 435 435 432 432 529 529 432 432 431 431 529 529 430 430 577 577 431 431 528 528 529 529 578 578 529 529 431 431 577 577 578 578 579 579 528 528 577 577 578 578 529 529 528 528 579 579 531 531 533 533 531 531 580 580 581 581 531 531 579 579 533 533 580 580 535 535 581 581 580 580 531 531 582 582 526 526 537 537 537 537 535 535 582 582 582 582 535 535 580 580 527 527 537 537 526 526 565 565 583 583 564 564 583 583 565 565 575 575 564 564 584 584 523 523 584 584 564 564 583 583 576 576 524 524 525 525 525 525 523 523 584 584 585 585 587 587 586 586 588 588 590 590 589 589 591 591 593 593 592 592 594 594 592 592 593 593 595 595 596 596 591 591 593 593 591 591 596 596 597 597 598 598 595 595 596 596 595 595 598 598 599 599 600 600 597 597 598 598 597 597 600 600 601 601 602 602 599 599 600 600 599 599 602 602 603 603 604 604 601 601 602 602 601 601 604 604 593 593 605 605 594 594 606 606 594 594 605 605 596 596 607 607 593 593 605 605 593 593 607 607 598 598 608 608 596 596 607 607 596 596 608 608 600 600 609 609 598 598 608 608 598 598 609 609 602 602 610 610 600 600 609 609 600 600 610 610 604 604 611 611 602 602 610 610 602 602 611 611 605 605 612 612 606 606 587 587 606 606 612 612 607 607 613 613 605 605 612 612 605 605 613 613 608 608 614 614 607 607 613 613 607 607 614 614 609 609 615 615 608 608 614 614 608 608 615 615 610 610 616 616 609 609 615 615 609 609 616 616 611 611 617 617 610 610 616 616 610 610 617 617 606 606 587 587 618 618 589 589 508 508 588 588 604 604 603 603 619 619 590 590 603 603 589 589 604 604 619 619 611 611 590 590 619 619 603 603 611 611 620 620 617 617 620 620 611 611 619 619 621 621 622 622 617 617 621 621 617 617 620 620 622 622 623 623 617 617 616 616 617 617 623 623 509 509 516 516 508 508 624 624 517 517 625 625 624 624 588 588 517 517 508 508 516 516 588 588 517 517 588 588 516 516 626 626 625 625 520 520 518 518 625 625 517 517 521 521 626 626 520 520 518 518 520 520 625 625 623 623 627 627 616 616 594 594 606 606 628 628 629 629 618 618 587 587 594 594 628 628 592 592 618 618 628 628 606 606 630 630 488 488 631 631 631 631 592 592 628 628 480 480 478 478 632 632 592 592 631 631 488 488 633 633 591 591 592 592 595 595 591 591 634 634 635 635 603 603 601 601 480 480 632 632 479 479 632 632 478 478 630 630 488 488 630 630 481 481 481 481 630 630 478 478 482 482 485 485 636 636 637 637 479 479 632 632 433 433 482 482 636 636 479 479 637 637 485 485 636 636 485 485 637 637 627 627 586 586 613 613 616 616 627 627 615 615 614 614 615 615 627 627 612 612 586 586 587 587 614 614 627 627 613 613 612 612 613 613 586 586 629 629 587 587 585 585 638 638 640 640 639 639 639 639 642 642 641 641 643 643 641 641 644 644 645 645 641 641 642 642 646 646 643 643 647 647 645 645 644 644 641 641 648 648 646 646 649 649 644 644 647 647 643 643 650 650 648 648 651 651 647 647 649 649 646 646 650 650 651 651 652 652 649 649 651 651 648 648 652 652 654 654 653 653 654 654 652 652 651 651 653 653 656 656 655 655 656 656 653 653 654 654 655 655 658 658 657 657 658 658 655 655 656 656 659 659 657 657 660 660 661 661 657 657 658 658 662 662 659 659 663 663 661 661 660 660 657 657 664 664 662 662 665 665 660 660 663 663 659 659 666 666 664 664 667 667 663 663 665 665 662 662 666 666 667 667 668 668 665 665 667 667 664 664 668 668 669 669 638 638 669 669 668 668 667 667 642 642 639 639 640 640 640 640 638 638 669 669 670 670 672 672 671 671 673 673 575 575 574 574 671 671 673 673 574 574 673 673 671 671 674 674 575 575 673 673 675 675 674 674 675 675 673 673 675 675 674 674 676 676 677 677 678 678 575 575 675 675 679 679 575 575 677 677 575 575 679 679 676 676 680 680 675 675 679 679 675 675 680 680 681 681 682 682 678 678 677 677 681 681 678 678 679 679 683 683 677 677 681 681 677 677 683 683 680 680 684 684 679 679 683 683 679 679 684 684 681 681 685 685 682 682 686 686 682 682 685 685 685 685 681 681 687 687 683 683 687 687 681 681 687 687 683 683 688 688 684 684 688 688 683 683 685 685 689 689 686 686 687 687 690 690 685 685 689 689 685 685 690 690 688 688 690 690 687 687 690 690 688 688 691 691 568 568 576 576 689 689 671 671 672 672 674 674 676 676 674 674 672 672 688 688 684 684 692 692 692 692 691 691 688 688 689 689 576 576 686 686 686 686 525 525 682 682 525 525 686 686 576 576 678 678 682 682 583 583 584 584 682 682 525 525 678 678 583 583 575 575 584 584 583 583 682 682 120 120 119 119 574 574 670 670 671 671 119 119 574 574 119 119 671 671 691 691 491 491 690 690 490 490 487 487 690 690 490 490 690 690 491 491 568 568 689 689 487 487 690 690 487 487 689 689 693 693 695 695 694 694 30 30 29 29 696 696 697 697 699 699 698 698 700 700 698 698 699 699 701 701 702 702 697 697 699 699 697 697 702 702 703 703 704 704 701 701 702 702 701 701 704 704 705 705 706 706 703 703 704 704 703 703 706 706 699 699 707 707 700 700 708 708 700 700 707 707 702 702 709 709 699 699 707 707 699 699 709 709 704 704 710 710 702 702 709 709 702 702 710 710 706 706 711 711 704 704 710 710 704 704 711 711 712 712 68 68 696 696 29 29 32 32 696 696 696 696 32 32 131 131 713 713 715 715 714 714 714 714 131 131 32 32 131 131 714 714 715 715 68 68 716 716 696 696 717 717 719 719 718 718 720 720 722 722 721 721 65 65 717 717 718 718 30 30 696 696 723 723 716 716 721 721 696 696 720 720 721 721 716 716 718 718 719 719 721 721 696 696 721 721 719 719 719 719 723 723 696 696 721 721 722 722 724 724 725 725 724 724 722 722 450 450 198 198 464 464 726 726 137 137 715 715 715 715 128 128 131 131 128 128 715 715 137 137 696 696 131 131 132 132 712 712 696 696 132 132 727 727 188 188 186 186 351 351 355 355 464 464 463 463 728 728 450 450 198 198 351 351 464 464 198 198 450 450 728 728 464 464 355 355 453 453 700 700 708 708 461 461 299 299 453 453 355 355 709 709 710 710 729 729 698 698 700 700 457 457 465 465 461 461 708 708 457 457 453 453 698 698 461 461 457 457 700 700 299 299 698 698 453 453 709 709 729 729 707 707 730 730 729 729 710 710 707 707 731 731 708 708 731 731 707 707 729 729 732 732 708 708 731 731 708 708 732 732 465 465 299 299 297 297 698 698 698 698 297 297 697 697 697 697 297 297 701 701 703 703 701 701 296 296 298 298 701 701 297 297 705 705 703 703 182 182 298 298 296 296 701 701 296 296 182 182 703 703 733 733 734 734 180 180 734 734 735 735 705 705 705 705 182 182 734 734 180 180 734 734 182 182 736 736 706 706 735 735 736 736 737 737 711 711 711 711 706 706 736 736 705 705 735 735 706 706 737 737 429 429 711 711 429 429 730 730 711 711 710 710 711 711 730 730 726 726 715 715 738 738 137 137 726 726 180 180 738 738 733 733 726 726 713 713 738 738 715 715 180 180 726 726 733 733 186 186 728 728 445 445 739 739 188 188 727 727 728 728 186 186 190 190 190 190 198 198 728 728 727 727 186 186 475 475 463 463 445 445 728 728 475 475 740 740 727 727 445 445 475 475 186 186 740 740 94 94 727 727 94 94 90 90 727 727 90 90 91 91 727 727 694 694 741 741 693 693 98 98 384 384 93 93 741 741 742 742 693 693 743 743 739 739 742 742 91 91 384 384 727 727 93 93 384 384 91 91 384 384 693 693 727 727 742 742 727 727 693 693 727 727 742 742 739 739 466 466 465 465 732 732 744 744 746 746 745 745 747 747 749 749 748 748 749 749 747 747 750 750 751 751 752 752 750 750 753 753 744 744 745 745 744 744 753 753 754 754 750 750 755 755 749 749 755 755 750 750 752 752 754 754 756 756 744 744 756 756 754 754 748 748 521 521 519 519 752 752 752 752 751 751 521 521 466 466 732 732 745 745 756 756 748 748 757 757 744 744 756 756 758 758 758 758 746 746 744 744 757 757 758 758 756 756 466 466 745 745 746 746 759 759 761 761 760 760 762 762 764 764 763 763 763 763 765 765 762 762 766 766 762 762 765 765 767 767 768 768 763 763 765 765 763 763 768 768 752 752 769 769 767 767 768 768 767 767 769 769 519 519 770 770 752 752 769 769 752 752 770 770 522 522 771 771 519 519 770 770 519 519 771 771 771 771 522 522 772 772 765 765 773 773 766 766 774 774 766 766 773 773 768 768 775 775 765 765 773 773 765 765 775 775 769 769 776 776 768 768 775 775 768 768 776 776 770 770 777 777 769 769 776 776 769 769 777 777 771 771 778 778 770 770 777 777 770 770 778 778 772 772 779 779 771 771 778 778 771 771 779 779 773 773 780 780 774 774 781 781 774 774 780 780 775 775 782 782 773 773 780 780 773 773 782 782 776 776 783 783 775 775 782 782 775 775 783 783 777 777 784 784 776 776 783 783 776 776 784 784 778 778 785 785 777 777 784 784 777 777 785 785 779 779 786 786 778 778 785 785 778 778 786 786 780 780 787 787 781 781 788 788 781 781 787 787 782 782 789 789 780 780 787 787 780 780 789 789 783 783 790 790 782 782 789 789 782 782 790 790 784 784 791 791 783 783 790 790 783 783 791 791 785 785 792 792 784 784 791 791 784 784 792 792 786 786 793 793 785 785 792 792 785 785 793 793 787 787 759 759 788 788 760 760 788 788 759 759 789 789 794 794 787 787 759 759 787 787 794 794 790 790 795 795 789 789 794 794 789 789 795 795 791 791 796 796 790 790 795 795 790 790 796 796 792 792 797 797 791 791 796 796 791 791 797 797 793 793 798 798 792 792 797 797 792 792 798 798 757 757 748 748 764 764 513 513 799 799 515 515 522 522 799 799 772 772 522 522 515 515 799 799 779 779 772 772 800 800 801 801 772 772 799 799 786 786 779 779 802 802 801 801 800 800 772 772 802 802 803 803 786 786 800 800 802 802 779 779 793 793 786 786 804 804 804 804 805 805 793 793 803 803 804 804 786 786 793 793 805 805 798 798 382 382 369 369 798 798 382 382 798 798 805 805 369 369 368 368 798 798 797 797 798 798 368 368 473 473 472 472 760 760 763 763 764 764 749 749 749 749 755 755 763 763 748 748 749 749 764 764 763 763 755 755 767 767 752 752 767 767 755 755 796 796 797 797 806 806 760 760 472 472 788 788 788 788 470 470 781 781 470 470 788 788 472 472 781 781 471 471 774 774 471 471 781 781 470 470 766 766 774 774 468 468 469 469 774 774 471 471 762 762 766 766 467 467 469 469 468 468 774 774 764 764 762 762 459 459 468 468 467 467 766 766 466 466 746 746 459 459 467 467 459 459 762 762 757 757 764 764 758 758 764 764 459 459 758 758 746 746 758 758 459 459 795 795 796 796 807 807 368 368 806 806 797 797 795 795 807 807 794 794 806 806 807 807 796 796 473 473 760 760 761 761 759 759 794 794 761 761 761 761 794 794 807 807 808 808 809 809 804 804 805 805 804 804 809 809 810 810 808 808 811 811 804 804 811 811 808 808 812 812 813 813 810 810 811 811 812 812 810 810 812 812 811 811 814 814 804 804 815 815 811 811 814 814 811 811 815 815 812 812 816 816 813 813 817 817 813 813 816 816 814 814 816 816 812 812 816 816 814 814 818 818 815 815 818 818 814 814 819 819 817 817 820 820 816 816 820 820 817 817 820 820 816 816 821 821 818 818 822 822 816 816 821 821 816 816 822 822 820 820 823 823 819 819 824 824 819 819 823 823 821 821 825 825 820 820 823 823 820 820 825 825 822 822 825 825 821 821 825 825 822 822 801 801 818 818 815 815 802 802 815 815 804 804 803 803 822 822 818 818 800 800 803 803 802 802 815 815 802 802 800 800 818 818 800 800 801 801 822 822 799 799 513 513 801 801 826 826 827 827 809 809 809 809 808 808 826 826 826 826 808 808 810 810 827 827 394 394 809 809 382 382 805 805 394 394 805 805 809 809 394 394 801 801 513 513 825 825 511 511 514 514 825 825 511 511 825 825 513 513 825 825 514 514 823 823 824 824 823 823 514 514 416 416 417 417 828 828 829 829 831 831 830 830 832 832 834 834 833 833 835 835 833 833 834 834 836 836 837 837 832 832 834 834 832 832 837 837 838 838 839 839 836 836 837 837 836 836 839 839 840 840 841 841 838 838 839 839 838 838 841 841 842 842 843 843 840 840 841 841 840 840 843 843 831 831 829 829 842 842 843 843 842 842 829 829 834 834 844 844 835 835 845 845 835 835 844 844 837 837 846 846 834 834 844 844 834 834 846 846 839 839 847 847 837 837 846 846 837 837 847 847 841 841 848 848 839 839 847 847 839 839 848 848 843 843 849 849 841 841 848 848 841 841 849 849 829 829 850 850 843 843 849 849 843 843 850 850 845 845 851 851 835 835 850 850 829 829 852 852 853 853 830 830 831 831 852 852 854 854 850 850 830 830 852 852 829 829 753 753 745 745 855 855 854 854 732 732 850 850 732 732 731 731 850 850 849 849 850 850 731 731 747 747 748 748 856 856 732 732 854 854 745 745 855 855 745 745 854 854 750 750 747 747 857 857 855 855 856 856 754 754 753 753 855 855 754 754 748 748 754 754 856 856 750 750 857 857 751 751 856 856 857 857 747 747 521 521 751 751 626 626 626 626 751 751 857 857 731 731 729 729 848 848 835 835 858 858 833 833 858 858 835 835 851 851 859 859 585 585 833 833 859 859 833 833 858 858 832 832 833 833 586 586 832 832 586 586 836 836 585 585 586 586 833 833 627 627 623 623 838 838 838 838 836 836 627 627 627 627 836 836 586 586 842 842 623 623 831 831 838 838 623 623 840 840 842 842 840 840 623 623 853 853 831 831 622 622 622 622 831 831 623 623 847 847 729 729 846 846 849 849 731 731 848 848 847 847 848 848 729 729 844 844 730 730 845 845 844 844 846 846 730 730 730 730 846 846 729 729 429 429 426 426 860 860 851 851 845 845 429 429 429 429 845 845 730 730 426 426 423 423 861 861 851 851 429 429 860 860 861 861 860 860 426 426 423 423 424 424 861 861 862 862 420 420 828 828 861 861 424 424 862 862 420 420 862 862 422 422 422 422 862 862 424 424 636 636 828 828 417 417 416 416 828 828 420 420 433 433 636 636 417 417 863 863 865 865 864 864 866 866 868 868 867 867 869 869 867 867 868 868 868 868 870 870 869 869 871 871 869 869 870 870 870 870 872 872 871 871 873 873 871 871 872 872 872 872 874 874 873 873 875 875 873 873 874 874 876 876 878 878 877 877 879 879 415 415 414 414 676 676 225 225 880 880 881 881 878 878 876 876 882 882 883 883 877 877 882 882 877 877 878 878 883 883 884 884 877 877 884 884 885 885 877 877 885 885 309 309 877 877 877 877 309 309 886 886 305 305 887 887 886 886 305 305 886 886 309 309 887 887 888 888 886 886 886 886 888 888 889 889 223 223 222 222 880 880 672 672 889 889 676 676 223 223 880 880 224 224 680 680 676 676 880 880 224 224 880 880 225 225 889 889 672 672 886 886 676 676 889 889 225 225 670 670 119 119 886 886 670 670 886 886 672 672 877 877 886 886 116 116 116 116 113 113 877 877 119 119 116 116 886 886 113 113 111 111 877 877 111 111 118 118 877 877 118 118 117 117 877 877 877 877 117 117 876 876 106 106 103 103 876 876 106 106 876 876 117 117 103 103 124 124 876 876 890 890 891 891 724 724 892 892 893 893 721 721 725 725 890 890 724 724 881 881 876 876 891 891 124 124 721 721 876 876 892 892 721 721 124 124 724 724 891 891 721 721 876 876 721 721 891 891 893 893 894 894 721 721 895 895 718 718 894 894 721 721 894 894 718 718 875 875 692 692 880 880 278 278 439 439 875 875 680 680 880 880 684 684 278 278 875 875 222 222 684 684 880 880 692 692 880 880 222 222 875 875 875 875 439 439 873 873 873 873 276 276 871 871 276 276 873 873 439 439 869 869 871 871 440 440 275 275 871 871 276 276 867 867 869 869 437 437 275 275 440 440 871 871 437 437 438 438 867 867 440 440 437 437 869 869 896 896 898 898 897 897 896 896 897 897 292 292 813 813 897 897 810 810 810 810 410 410 415 415 813 813 817 817 897 897 898 898 410 410 897 897 810 810 897 897 410 410 817 817 819 819 897 897 819 819 824 824 867 867 897 897 867 867 292 292 867 867 897 897 819 819 438 438 292 292 867 867 867 867 824 824 866 866 601 601 866 866 635 635 514 514 866 866 824 824 514 514 510 510 866 866 635 635 866 866 510 510 868 868 866 866 601 601 601 601 599 599 868 868 870 870 868 868 597 597 599 599 597 597 868 868 597 597 595 595 870 870 872 872 870 870 595 595 595 595 634 634 872 872 874 874 872 872 591 591 488 488 489 489 633 633 634 634 591 591 872 872 592 592 488 488 633 633 489 489 491 491 633 633 875 875 874 874 691 691 874 874 591 591 491 491 633 633 491 491 591 591 692 692 875 875 691 691 491 491 691 691 874 874 510 510 589 589 635 635 603 603 635 635 589 589 415 415 879 879 826 826 391 391 392 392 864 864 810 810 415 415 826 826 827 827 826 826 879 879 398 398 388 388 899 899 864 864 392 392 879 879 827 827 879 879 394 394 394 394 879 879 392 392 900 900 901 901 899 899 388 388 397 397 899 899 899 899 397 397 864 864 391 391 864 864 395 395 396 396 864 864 397 397 396 396 395 395 864 864 902 902 693 693 899 899 693 693 902 902 695 695 901 901 902 902 899 899 384 384 899 899 693 693 384 384 383 383 899 899 383 383 102 102 899 899 398 398 899 899 100 100 102 102 100 100 899 899 414 414 413 413 879 879 413 413 402 402 879 879 864 864 879 879 402 402 402 402 903 903 864 864 903 903 904 904 864 864 904 904 905 905 864 864 905 905 863 863 864 864 899 899 864 864 865 865 900 900 899 899 865 865 508 508 589 589 510 510 292 292 906 906 896 896 898 898 896 896 906 906 906 906 405 405 412 412 412 412 898 898 906 906 410 410 898 898 412 412 430 430 429 429 737 737 286 286 287 287 907 907 908 908 407 407 909 909 405 405 911 911 910 910 911 911 405 405 906 906 909 909 912 912 908 908 910 910 913 913 909 909 912 912 909 909 913 913 913 913 910 910 911 911 914 914 908 908 912 912 911 911 915 915 913 913 906 906 915 915 911 911 912 912 916 916 914 914 913 913 917 917 912 912 916 916 912 912 917 917 917 917 913 913 915 915 915 915 906 906 292 292 907 907 914 914 916 916 915 915 290 290 917 917 290 290 915 915 291 291 291 291 915 915 293 293 292 292 293 293 915 915 916 916 288 288 907 907 917 917 289 289 916 916 288 288 916 916 289 289 289 289 917 917 290 290 367 367 366 366 914 914 367 367 907 907 287 287 366 366 365 365 908 908 907 907 367 367 914 914 908 908 365 365 407 407 914 914 366 366 908 908 350 350 407 407 365 365 404 404 909 909 407 407 909 909 404 404 910 910 910 910 404 404 405 405 288 288 289 289 238 238 286 286 907 907 288 288 577 577 919 919 918 918 920 920 921 921 919 919 918 918 919 919 921 921 921 921 920 920 922 922 922 922 920 920 736 736 918 918 923 923 577 577 924 924 577 577 923 923 923 923 918 918 921 921 921 921 922 922 735 735 922 922 736 736 735 735 923 923 925 925 924 924 926 926 924 924 925 925 925 925 923 923 927 927 921 921 927 927 923 923 927 927 921 921 733 733 921 921 735 735 733 733 925 925 928 928 926 926 929 929 926 926 928 928 927 927 928 928 925 925 928 928 927 927 930 930 733 733 738 738 927 927 930 930 927 927 738 738 928 928 931 931 929 929 931 931 928 928 932 932 930 930 932 932 928 928 932 932 930 930 933 933 932 932 934 934 931 931 935 935 931 931 934 934 933 933 714 714 932 932 934 934 932 932 714 714 26 26 526 526 935 935 737 737 736 736 920 920 735 735 734 734 733 733 930 930 713 713 933 933 930 930 738 738 713 713 714 714 933 933 713 713 935 935 526 526 931 931 931 931 582 582 929 929 582 582 931 931 526 526 926 926 929 929 581 581 580 580 929 929 582 582 924 924 926 926 579 579 580 580 581 581 929 929 577 577 924 924 578 578 581 581 579 579 926 926 579 579 578 578 924 924 920 920 919 919 430 430 430 430 919 919 577 577 737 737 920 920 430 430 32 32 28 28 714 714 26 26 935 935 28 28 714 714 28 28 934 934 934 934 28 28 935 935 936 936 331 331 473 473 761 761 807 807 341 341 473 473 761 761 936 936 807 807 806 806 937 937 937 937 341 341 807 807 324 324 806 806 368 368 332 332 341 341 937 937 937 937 806 806 332 332 332 332 806 806 324 324 936 936 761 761 331 331 96 96 473 473 331 331 341 341 331 331 761 761 887 887 305 305 302 302 888 888 887 887 302 302 302 302 300 300 888 888 888 888 226 226 889 889 226 226 888 888 300 300 203 203 226 226 300 300 889 889 226 226 225 225 26 26 938 938 569 569 572 572 571 571 939 939 60 60 572 572 939 939 939 939 571 571 86 86 87 87 86 86 570 570 60 60 939 939 86 86 88 88 938 938 27 27 570 570 86 86 571 571 88 88 569 569 938 938 88 88 87 87 569 569 569 569 87 87 570 570 27 27 938 938 26 26 940 940 942 942 941 941 943 943 945 945 944 944 944 944 947 947 946 946 940 940 944 944 945 945 947 947 949 949 948 948 943 943 944 944 946 946 950 950 946 946 947 947 949 949 952 952 951 951 950 950 947 947 948 948 953 953 948 948 949 949 954 954 956 956 955 955 953 953 949 949 951 951 956 956 951 951 952 952 957 957 954 954 958 958 952 952 955 955 956 956 959 959 957 957 960 960 955 955 958 958 954 954 961 961 959 959 962 962 958 958 960 960 957 957 963 963 965 965 964 964 960 960 962 962 959 959 966 966 968 968 967 967 961 961 962 962 965 965 964 964 965 965 962 962 969 969 966 966 970 970 967 967 968 968 964 964 963 963 964 964 968 968 971 971 969 969 972 972 970 970 966 966 967 967 303 303 971 971 973 973 972 972 969 969 970 970 973 973 971 971 972 972 303 303 973 973 974 974 975 975 974 974 973 973 945 945 942 942 940 940 974 974 975 975 976 976 941 941 976 976 975 975 976 976 941 941 942 942 885 885 884 884 977 977 977 977 979 979 978 978 979 979 977 977 884 884 978 978 981 981 980 980 981 981 978 978 979 979 980 980 981 981 982 982 983 983 982 982 981 981 982 982 985 985 984 984 985 985 982 982 983 983 78 78 984 984 985 985 740 740 99 99 94 94 473 473 96 96 99 99 740 740 475 475 99 99 475 475 474 474 99 99 99 99 474 474 473 473 986 986 340 340 339 339 987 987 339 339 338 338 339 339 988 988 986 986 988 988 339 339 987 987 153 153 989 989 338 338 990 990 991 991 986 986 991 991 340 340 986 986 992 992 988 988 987 987 988 988 990 990 986 986 993 993 23 23 21 21 994 994 24 24 23 23 21 21 37 37 993 993 37 37 35 35 993 993 35 35 33 33 993 993 994 994 993 993 33 33 993 993 994 994 23 23 34 34 995 995 33 33 994 994 33 33 996 996 997 997 999 999 998 998 893 893 1000 1000 999 999 998 998 999 999 1000 1000 998 998 1001 1001 997 997 1002 1002 997 997 1001 1001 1000 1000 1003 1003 998 998 1001 1001 998 998 1003 1003 1004 1004 1002 1002 1005 1005 1001 1001 1005 1005 1002 1002 1005 1005 1001 1001 1006 1006 1003 1003 1006 1006 1001 1001 1005 1005 1007 1007 1004 1004 1007 1007 1005 1005 1008 1008 1006 1006 1008 1008 1005 1005 1008 1008 1006 1006 121 121 1008 1008 1009 1009 1007 1007 1010 1010 1007 1007 1009 1009 121 121 114 114 1008 1008 1009 1009 1008 1008 114 114 1009 1009 1011 1011 1010 1010 1012 1012 1010 1010 1011 1011 114 114 115 115 1009 1009 1011 1011 1009 1009 115 115 893 893 892 892 1000 1000 124 124 104 104 1000 1000 124 124 1000 1000 892 892 1000 1000 104 104 1003 1003 1006 1006 1003 1003 123 123 105 105 1003 1003 104 104 121 121 1006 1006 122 122 105 105 123 123 1003 1003 123 123 122 122 1006 1006 573 573 1011 1011 120 120 115 115 120 120 1011 1011 573 573 572 572 1011 1011 572 572 60 60 1010 1010 60 60 56 56 1010 1010 1007 1007 1010 1010 56 56 56 56 58 58 1007 1007 1007 1007 58 58 1004 1004 1004 1004 59 59 1002 1002 59 59 1004 1004 58 58 1002 1002 36 36 997 997 36 36 1002 1002 59 59 997 997 52 52 999 999 52 52 997 997 36 36 49 49 999 999 52 52 65 65 718 718 999 999 49 49 65 65 999 999 718 718 895 895 893 893 893 893 999 999 718 718 895 895 894 894 893 893 1011 1011 572 572 1012 1012 1010 1010 1012 1012 572 572 1013 1013 1014 1014 134 134 157 157 134 134 1015 1015 1015 1015 158 158 157 157 158 158 125 125 159 159 158 158 1015 1015 125 125 125 125 1015 1015 134 134 139 139 159 159 125 125 157 157 177 177 134 134 303 303 1016 1016 134 134 303 303 134 134 177 177 1017 1017 134 134 1016 1016 1017 1017 1013 1013 134 134 136 136 134 134 1014 1014 317 317 322 322 1018 1018 340 340 991 991 318 318 322 322 318 318 1018 1018 1018 1018 318 318 991 991 145 145 146 146 1018 1018 1018 1018 991 991 145 145 145 145 991 991 990 990 146 146 1019 1019 1018 1018 1019 1019 317 317 1018 1018 148 148 1019 1019 146 146 317 317 1019 1019 151 151 151 151 1019 1019 148 148 1020 1020 743 743 1021 1021 1021 1021 1023 1023 1022 1022 1023 1023 1021 1021 743 743 1022 1022 1025 1025 1024 1024 1025 1025 1022 1022 1023 1023 1026 1026 1028 1028 1027 1027 1027 1027 1024 1024 1025 1025 1024 1024 1027 1027 1028 1028 1028 1028 1030 1030 1029 1029 1030 1030 1028 1028 1026 1026 1031 1031 1029 1029 1030 1030 1032 1032 1034 1034 1033 1033 1034 1034 1036 1036 1035 1035 1035 1035 1037 1037 1034 1034 1036 1036 1038 1038 1035 1035 1038 1038 1039 1039 1035 1035 1039 1039 1040 1040 1035 1035 1040 1040 1041 1041 1035 1035 1041 1041 349 349 1035 1035 349 349 1042 1042 1035 1035 1042 1042 1043 1043 1035 1035 1043 1043 1044 1044 1035 1035 1045 1045 1035 1035 1044 1044 1037 1037 1046 1046 1034 1034 1046 1046 1047 1047 1034 1034 1047 1047 1048 1048 1034 1034 1048 1048 1049 1049 1034 1034 1049 1049 1050 1050 1034 1034 1050 1050 1051 1051 1034 1034 1051 1051 1052 1052 1034 1034 1052 1052 1033 1033 1034 1034 1031 1031 1054 1054 1053 1053 1055 1055 1053 1053 1056 1056 1054 1054 1056 1056 1053 1053 1057 1057 1059 1059 1058 1058 1059 1059 1055 1055 1058 1058 1056 1056 1058 1058 1055 1055 903 903 1057 1057 1060 1060 1058 1058 1060 1060 1057 1057 1060 1060 904 904 903 903 723 723 719 719 31 31 719 719 717 717 89 89 31 31 719 719 89 89 64 64 89 89 717 717 89 89 27 27 31 31 723 723 31 31 30 30 717 717 65 65 64 64 1061 1061 337 337 149 149 147 147 1061 1061 149 149 1062 1062 1064 1064 1063 1063 1065 1065 1064 1064 1062 1062 1066 1066 1063 1063 1067 1067 1062 1062 1063 1063 1066 1066 1068 1068 1067 1067 1069 1069 1066 1066 1067 1067 1068 1068 1070 1070 1069 1069 1071 1071 1068 1068 1069 1069 1070 1070 1072 1072 1071 1071 1073 1073 1070 1070 1071 1071 1072 1072 1074 1074 1073 1073 1075 1075 1072 1072 1073 1073 1074 1074 1076 1076 1075 1075 1077 1077 1074 1074 1075 1075 1076 1076 1078 1078 1077 1077 1079 1079 1076 1076 1077 1077 1078 1078 1080 1080 1082 1082 1081 1081 1082 1082 1084 1084 1083 1083 1083 1083 1085 1085 1082 1082 1084 1084 1086 1086 1083 1083 1086 1086 1087 1087 1083 1083 1087 1087 1088 1088 1083 1083 1088 1088 1089 1089 1083 1083 1089 1089 1090 1090 1083 1083 1091 1091 1083 1083 1090 1090 1085 1085 1092 1092 1082 1082 1092 1092 1093 1093 1082 1082 1093 1093 1094 1094 1082 1082 1094 1094 1095 1095 1082 1082 1095 1095 1081 1081 1082 1082 1096 1096 1079 1079 1097 1097 1078 1078 1079 1079 1096 1096 1098 1098 1097 1097 1099 1099 1096 1096 1097 1097 1098 1098 1100 1100 1099 1099 1101 1101 1098 1098 1099 1099 1100 1100 1102 1102 1101 1101 1103 1103 1100 1100 1101 1101 1102 1102 1104 1104 1103 1103 1105 1105 1102 1102 1103 1103 1104 1104 1106 1106 1105 1105 1107 1107 1104 1104 1105 1105 1106 1106 1108 1108 1107 1107 1109 1109 1106 1106 1107 1107 1108 1108 1065 1065 1109 1109 1064 1064 1108 1108 1109 1109 1065 1065 1110 1110 17 17 1111 1111 16 16 17 17 1110 1110 1112 1112 1111 1111 1113 1113 1110 1110 1111 1111 1112 1112 1114 1114 1113 1113 1115 1115 1112 1112 1113 1113 1114 1114 1116 1116 1115 1115 1117 1117 1114 1114 1115 1115 1116 1116 1118 1118 1117 1117 1119 1119 1116 1116 1117 1117 1118 1118 1120 1120 1119 1119 1121 1121 1118 1118 1119 1119 1120 1120 1122 1122 1121 1121 1123 1123 1120 1120 1121 1121 1122 1122 3 3 1123 1123 2 2 1122 1122 1123 1123 3 3 1124 1124 1126 1126 1125 1125 1126 1126 1128 1128 1127 1127 1127 1127 1129 1129 1126 1126 1128 1128 1130 1130 1127 1127 1130 1130 1131 1131 1127 1127 1131 1131 1132 1132 1127 1127 1132 1132 1133 1133 1127 1127 1133 1133 1134 1134 1127 1127 1135 1135 1127 1127 1134 1134 1129 1129 1136 1136 1126 1126 1136 1136 1137 1137 1126 1126 1137 1137 1138 1138 1126 1126 1138 1138 1139 1139 1126 1126 1139 1139 1125 1125 1126 1126</p>
				</triangles>
			</mesh>
		</geometry>
		<geometry id="base2_M1KShape1" name="base2_M1KShape1">
			<mesh>
				<source id="base2_M1KShape1.positions">
					<float_array id="base2_M1KShape1.positions-array" count="186" digits="2490374">-0.0220584 -0.105333 0.483472 -0.0205786 -0.105597 0.492604 -0.0143525 -0.106902 0.486774 -0.0179161 -0.105545 0.480785 0.0227862 -0.105717 0.488109 0.0238527 -0.101562 0.485274 0.020769 -0.104775 0.481778 0.0171934 -0.105654 0.480886 0.0167073 -0.100978 0.478815 0.021922 -0.10001 0.481072 0.0237919 -0.101534 0.489704 0.02075 -0.105535 0.492707 -0.023335 -0.104414 0.489482 -0.0240271 -0.100822 0.490224 -0.0240271 -0.100822 0.490224 -0.0195349 -0.100285 0.479379 -0.0240882 -0.100165 0.483808 -0.0163267 -0.102077 0.479193 -0.0200223 -0.101504 0.49476 0.000169754 -0.105721 0.482204 0.000633975 -0.107243 0.49028 0.00565317 -0.106106 0.496503 -0.00986513 -0.10641 0.494851 0.0162109 -0.106777 0.487585 0.0199326 -0.101552 0.494737 0.000201423 -0.101791 0.48067 0.0199326 -0.101552 0.494737 0.00804638 -0.101403 0.498816 0.00468271 -0.104933 0.498332 -0.000128049 -0.102027 0.499419 -0.00974 -0.104751 0.497412 -0.00898946 -0.101492 0.498435 -0.01933 0.101339 0.495057 -0.0205045 0.105613 0.492712 -0.0089047 0.101255 0.498585 -0.0046827 0.104933 0.498332 3.95849e-05 0.102164 0.499376 -0.00565313 0.106106 0.496503 -0.022552 0.10325 0.49192 -0.0227695 0.105505 0.485815 -0.0171775 0.105658 0.480896 -0.020693 0.104769 0.481705 -0.0162555 0.100991 0.478836 -0.0220635 0.0999131 0.480871 -0.0247524 0.0998132 0.487062 0.00974 0.104751 0.497412 0.00986476 0.10641 0.494851 0.0201325 0.104338 0.494041 0.00829564 0.101601 0.498721 0.0201481 0.105941 0.49156 0.0183698 0.105477 0.480736 0.0140469 0.106919 0.486874 -0.000169804 0.105721 0.482204 -0.000635263 0.107243 0.490279 0.0233915 0.104515 0.489086 0.0209521 0.100374 0.49445 0.0226775 0.1052 0.484537 0.0221337 0.0999488 0.481229 0.0173316 0.101821 0.479125 0.0240688 0.101218 0.488681 -0.0162109 0.106777 0.487585 0.00011047 0.101788 0.480666</float_array>
					<technique_common>
						<accessor count="62" source="#base2_M1KShape1.positions-array" stride="3">
							<param name="X" type="float"/>
							<param name="Y" type="float"/>
							<param name="Z" type="float"/>
						</accessor>
					</technique_common>
				</source>
				<source id="base2_M1KShape1.normals">
					<float_array id="base2_M1KShape1.normals-array" count="186" digits="2490374">-0.624927 -0.672451 -0.396579 -0.301426 -0.867731 0.395203 -0.013243 -0.997348 -0.071568 -0.020752 -0.876111 -0.481662 0.513312 -0.855873 0.063178 0.963383 -0.03408 -0.265954 0.522545 -0.609292 -0.596414 -0.010565 -0.898281 -0.439295 -0.11419 0.232499 -0.96587 0.638485 0.384732 -0.666572 0.961795 0.095547 0.256555 0.355002 -0.819123 0.450567 -0.837668 -0.499983 0.21984 -0.943564 0.024372 0.330291 -0.935975 -0.198541 0.290746 -0.159736 -0.978728 -0.128749 -0.791601 -0.540378 -0.285234 0.130506 0.015934 -0.99132 -0.461687 -0.045418 0.88588 -0.000489 -0.862172 -0.506616 0.0067 -0.99997 -0.003805 0.041155 -0.947998 0.315606 -0.066788 -0.969255 0.236822 0.053005 -0.998543 -0.010082 0.476063 -0.036344 0.87866 0.003027 0.067167 -0.997737 0.492342 0.004901 0.870388 0.184179 0.145649 0.972042 0.076156 -0.640311 0.764331 -0.002576 0.042635 0.999087 -0.179285 -0.601966 0.778135 -0.198785 0.096051 0.975325 -0.427953 0.073492 0.900808 -0.300562 0.860763 0.41079 -0.201645 -0.177752 0.963194 -0.076568 0.640567 0.764075 0.000849 -0.023455 0.999725 -0.041196 0.94804 0.315472 -0.841016 0.113896 0.528885 -0.61127 0.777072 -0.150028 0.009852 0.898868 -0.438109 -0.535608 0.572278 -0.620985 0.120615 -0.220483 -0.967905 -0.191652 0.981224 0.021669 -0.903421 0.427942 -0.026384 0.179285 0.601966 0.778135 0.066771 0.969278 0.23673 0.440676 0.454011 0.774389 0.178318 0.090153 0.979834 0.192194 0.956289 0.220394 0.0556 0.851604 -0.521229 0.013172 0.99748 -0.069708 0.000488 0.862164 -0.506629 -0.006703 0.99997 -0.003811 0.857579 0.485256 0.170541 0.595031 -0.228957 0.770401 0.624166 0.729846 -0.278824 0.659626 -0.37415 -0.651847 -0.077053 -0.055691 -0.995471 0.98659 0.118466 0.112272 -0.052906 0.998549 -0.010051 0.001723 -0.068519 -0.997648</float_array>
					<technique_common>
						<accessor count="62" source="#base2_M1KShape1.normals-array" stride="3">
							<param name="X" type="float"/>
							<param name="Y" type="float"/>
							<param name="Z" type="float"/>
						</accessor>
					</technique_common>
				</source>
				<vertices id="base2_M1KShape1.vertices">
					<input semantic="POSITION" source="#base2_M1KShape1.positions"/>
				</vertices>
				<triangles count="86" material="blinn21.material">
					<input offset="0" semantic="VERTEX" source="#base2_M1KShape1.vertices" set="0"/>
					<input offset="1" semantic="NORMAL" source="#base2_M1KShape1.normals" set="0"/>
					<p>0 0 2 2 1 1 0 0 3 3 2 2 4 4 6 6 5 5 7 7 8 8 6 6 4 4 7 7 6 6 9 9 6 6 8 8 6 6 9 9 5 5 10 10 4 4 5 5 4 4 10 10 11 11 1 1 13 13 12 12 12 12 0 0 1 1 12 12 14 14 0 0 0 0 15 15 3 3 15 15 0 0 16 16 17 17 3 3 15 15 13 13 1 1 18 18 3 3 19 19 2 2 19 19 20 20 2 2 21 21 22 22 20 20 20 20 22 22 2 2 1 1 2 2 22 22 7 7 4 4 23 23 11 11 23 23 4 4 11 11 10 10 24 24 23 23 20 20 7 7 7 7 20 20 19 19 20 20 23 23 21 21 11 11 21 21 23 23 25 25 19 19 17 17 3 3 17 17 19 19 26 26 27 27 11 11 27 27 29 29 28 28 28 28 21 21 11 11 28 28 11 11 27 27 7 7 19 19 8 8 25 25 8 8 19 19 30 30 1 1 22 22 28 28 29 29 30 30 31 31 18 18 30 30 30 30 22 22 28 28 31 31 30 30 29 29 21 21 28 28 22 22 18 18 1 1 30 30 32 32 34 34 33 33 34 34 36 36 35 35 35 35 37 37 33 33 35 35 33 33 34 34 33 33 39 39 38 38 40 40 42 42 41 41 39 39 40 40 41 41 43 43 41 41 42 42 41 41 43 43 39 39 44 44 39 39 43 43 39 39 44 44 38 38 32 32 33 33 38 38 45 45 47 47 46 46 35 35 36 36 45 45 48 48 47 47 45 45 45 45 46 46 35 35 48 48 45 45 36 36 37 37 35 35 46 46 49 49 46 46 47 47 50 50 52 52 51 51 52 52 53 53 51 51 37 37 46 46 53 53 53 53 46 46 51 51 49 49 51 51 46 46 47 47 54 54 49 49 47 47 55 55 54 54 56 56 49 49 54 54 56 56 57 57 50 50 58 58 50 50 57 57 56 56 51 51 49 49 56 56 50 50 51 51 59 59 54 54 55 55 59 59 56 56 54 54 60 60 53 53 40 40 40 40 53 53 52 52 53 53 60 60 37 37 33 33 37 37 60 60 40 40 39 39 60 60 33 33 60 60 39 39 50 50 58 58 52 52 61 61 52 52 58 58 61 61 42 42 52 52 40 40 52 52 42 42</p>
				</triangles>
			</mesh>
		</geometry>
	</library_geometries>
	<library_visual_scenes>
		<visual_scene id="VisualSceneNode" name="base1d_med">
			<node id="J2.dae" name="J2.dae">
				<instance_geometry url="#base2_M1KShape0">
					<bind_material>
						<technique_common>
							<instance_material symbol="blinn20.material" target="#blinn20.material"/>
						</technique_common>
					</bind_material>
				</instance_geometry>
				<instance_geometry url="#base2_M1KShape1">
					<bind_material>
						<technique_common>
							<instance_material symbol="blinn21.material" target="#blinn21.material"/>
						</technique_common>
					</bind_material>
				</instance_geometry>
			</node>
		</visual_scene>
	</library_visual_scenes>
	<scene>
		<instance_visual_scene url="#VisualSceneNode"/>
	</scene>
</COLLADA>
